relative_path,category,filename,size_bytes,modified_utc,years_in_filename,has_post_mz,same_basename_count,audience,display_title,icd10_primary,icd_count,audience_confidence,protocol_kind,scope_label_ru
minzdrav_protocols/akusherstvo-ginekologiya/КП Лучевая диагностика заболеваний головного мозга у детей 23.08.2019 №87.pdf,akusherstvo-ginekologiya,КП Лучевая диагностика заболеваний головного мозга у детей 23.08.2019 №87.pdf,584891,2026-05-30T13:52:22Z,2019,no,3,pediatric,Лучевая диагностика заболеваний головного мозга у детей 23.08.2019 №87,P10|G80.0|G80.9|G81.0|G81.9|G82.0|G82.5|G91.0|G91.9|P52.0|P52.9|Q00,39,index_csv,clinical,Клинический КП (есть коды МКБ)
minzdrav_protocols/akusherstvo-ginekologiya/КП Поддержка сексуального и репродуктивного здоровья людей живущих с ВИЧ 27.12.2010 №1369.pdf,akusherstvo-ginekologiya,КП Поддержка сексуального и репродуктивного здоровья людей живущих с ВИЧ 27.12.2010 №1369.pdf,3503294,2026-05-30T13:52:23Z,2010,no,2,any,Поддержка сексуального и репродуктивного здоровья людей живущих с ВИЧ 27.12.2010 №1369,B24,1,default,clinical,Клинический КП (есть коды МКБ)
minzdrav_protocols/akusherstvo-ginekologiya/КП Профилактика геморрагической болезни у новорожденных детей 02.04.2020 № 28.pdf,akusherstvo-ginekologiya,КП Профилактика геморрагической болезни у новорожденных детей 02.04.2020 № 28.pdf,222220,2026-05-30T13:52:23Z,2020,no,3,pediatric,Профилактика геморрагической болезни у новорожденных детей 02.04.2020 №28,P53,1,index_csv,clinical,Клинический КП (есть коды МКБ)
minzdrav_protocols/akusherstvo-ginekologiya/КП Профилактика передачи ВИЧ-инфекции от матери ребенку 28.06.2018_59.pdf,akusherstvo-ginekologiya,КП Профилактика передачи ВИЧ-инфекции от матери ребенку 28.06.2018_59.pdf,390159,2026-05-30T13:52:24Z,2018,no,2,pediatric,Профилактика передачи ВИЧ-инфекции от матери ребенку 28.06.2018 59,Z32.1|R75|Z21|B20|B24|Z20.6|Z11.4|Z39|Z71.7|Z20.5|Z38,11,index_csv,clinical,Клинический КП (есть коды МКБ)
minzdrav_protocols/akusherstvo-ginekologiya/КП диагностики лечения и диспансерного наблюдения пациентов с заболеванием фенилкетонурия 07.08.2009_№781.pdf,akusherstvo-ginekologiya,КП диагностики лечения и диспансерного наблюдения пациентов с заболеванием фенилкетонурия 07.08.2009_№781.pdf,99480,2026-05-30T13:52:24Z,2009,no,3,mixed,диагностики лечения и диспансерного наблюдения пациентов с заболеванием фенилкетонурия 07.08.2009 №781,E70.0,1,index_csv,clinical,Клинический КП (есть коды МКБ)
minzdrav_protocols/akusherstvo-ginekologiya/КП медицинской реабилитации пациентов после хирургического лечения новообразований органов желудочно-кишечного тракта04.08.2011 №789.pdf,akusherstvo-ginekologiya,КП медицинской реабилитации пациентов после хирургического лечения новообразований органов желудочно-кишечного тракта04.08.2011 №789.pdf,506794,2026-05-30T13:52:24Z,2011,no,2,any,медицинской реабилитации пациентов после хирургического лечения новообразований органов желудочно-кишечного тракта04.08.2011 №789,,0,default,rehabilitation,Реабилитация (широкий охват МКБ)
minzdrav_protocols/akusherstvo-ginekologiya/КП_Диагностика_и_лечение_пациентов_с_хроническими_заболеваниями_вен_взр_население-пост_МЗ_2022_55.pdf,akusherstvo-ginekologiya,КП_Диагностика_и_лечение_пациентов_с_хроническими_заболеваниями_вен_взр_население-пост_МЗ_2022_55.pdf,208596,2026-05-30T13:52:25Z,2022,yes,3,adult,Диагностика и лечение пациентов с хроническими заболеваниями вен взрослое население-пост. МЗ 2022 55,I80|I83|I86.2|I86.3|I87|I82,6,index_csv,clinical,Клинический КП (есть коды МКБ)
minzdrav_protocols/akusherstvo-ginekologiya/КП_Диагностика_лечение_осложнений_многоплодной_беременности_2017_44.pdf,akusherstvo-ginekologiya,КП_Диагностика_лечение_осложнений_многоплодной_беременности_2017_44.pdf,227783,2026-05-30T13:52:25Z,2017,no,2,pediatric,Диагностика лечение осложнений многоплодной беременности 2017 44,O30,1,index_csv,clinical,Клинический КП (есть коды МКБ)
minzdrav_protocols/akusherstvo-ginekologiya/КП_Диагностика_наследственных_тромбофилий_и_профилактика_венозных_тромбоэмболических_осложнений_пост_МЗ_01042022_24.pdf,akusherstvo-ginekologiya,КП_Диагностика_наследственных_тромбофилий_и_профилактика_венозных_тромбоэмболических_осложнений_пост_МЗ_01042022_24.pdf,144523,2026-05-30T13:52:26Z,2022,yes,1,pediatric,Диагностика наследственных тромбофилий и профилактика венозных тромбоэмболических осложнений пост. МЗ 01042022 24,D68.5|O88.2,2,index_csv,clinical,Клинический КП (есть коды МКБ)
minzdrav_protocols/akusherstvo-ginekologiya/КП_Лечение_бесплодия_методом_экстракорпорального_оплодотворения_24.12.2021_№115.pdf,akusherstvo-ginekologiya,КП_Лечение_бесплодия_методом_экстракорпорального_оплодотворения_24.12.2021_№115.pdf,204941,2026-04-04T09:38:04Z,2021,no,1,adult,Лечение бесплодия методом экстракорпорального оплодотворения 24.12.2021 №115,N97.9,1,index_csv,clinical,Клинический КП (есть коды МКБ)
minzdrav_protocols/akusherstvo-ginekologiya/КП_Медицинское_наблюдение_и_оказание_медицинской_помощи_женщинам_в_акушерстве_и_гинекологии_пост_МЗ_19.02.2018_№_17.pdf,akusherstvo-ginekologiya,КП_Медицинское_наблюдение_и_оказание_медицинской_помощи_женщинам_в_акушерстве_и_гинекологии_пост_МЗ_19.02.2018_№_17.pdf,1717154,2026-05-30T13:52:27Z,2018,yes,1,adult,Медицинское наблюдение и оказание медицинской помощи женщинам в акушерстве и гинекологии пост. МЗ 19.02.2018 №17,O26.8|N88.3|O23.9|O36.0|O99.1|N87.2|N95.2|N95.3|N60|N95.1|D06|D28,276,body_text_pregnancy,clinical,Клинический КП (есть коды МКБ)
minzdrav_protocols/akusherstvo-ginekologiya/КП_Меднаблюдение_и_оказание_медпомощи_женщинам_с_резус-иммунизацией_и_другими_формами_изоиммунизации_пост_МЗ_2022_128.pdf,akusherstvo-ginekologiya,КП_Меднаблюдение_и_оказание_медпомощи_женщинам_с_резус-иммунизацией_и_другими_формами_изоиммунизации_пост_МЗ_2022_128.pdf,481997,2026-05-30T13:52:27Z,2022,yes,1,pediatric,Меднаблюдение и оказание медпомощи женщинам с резус-иммунизацией и другими формами изоиммунизации пост. МЗ 2022 128,P55|P55.0|P55.1|P55.8|P55.9,5,index_csv,clinical,Клинический КП (есть коды МКБ)
minzdrav_protocols/akusherstvo-ginekologiya/КП_Оказание_медицинской_помощи_в_неонатологии_постановление_МЗ_18042022_34.pdf,akusherstvo-ginekologiya,КП_Оказание_медицинской_помощи_в_неонатологии_постановление_МЗ_18042022_34.pdf,1344349,2026-05-30T13:52:28Z,2022,yes,3,pediatric,Оказание медицинской помощи в неонатологии постановление МЗ 18042022 34,B19,1,index_csv,clinical,Клинический КП (есть коды МКБ)
minzdrav_protocols/akusherstvo-ginekologiya/КП_Оказание_медицинской_помощи_женщинам_послеоперационным_рубцом_матки_пост_МЗ_2024_161.pdf,akusherstvo-ginekologiya,КП_Оказание_медицинской_помощи_женщинам_послеоперационным_рубцом_матки_пост_МЗ_2024_161.pdf,267145,2026-05-30T13:52:28Z,2024,yes,1,pediatric,Оказание медицинской помощи женщинам послеоперационным рубцом матки пост. МЗ 2024 161,N99.8|O34.2|O75.7,3,index_csv,clinical,Клинический КП (есть коды МКБ)
minzdrav_protocols/akusherstvo-ginekologiya/КП_Оказание_медицинской_помощи_женщинам_при_искусственном_прерывании_беременности_пост_МЗ_2024_176.pdf,akusherstvo-ginekologiya,КП_Оказание_медицинской_помощи_женщинам_при_искусственном_прерывании_беременности_пост_МЗ_2024_176.pdf,241905,2026-05-30T13:52:29Z,2024,yes,1,adult,Оказание медицинской помощи женщинам при искусственном прерывании беременности пост. МЗ 2024 176,,0,body_text_pregnancy,procedural,Процедурный КП (прерывание беременности)
minzdrav_protocols/akusherstvo-ginekologiya/КП_Оказание_медицинской_помощи_женщинам_репродуктивного_возраста_с_низкорослостью_обусловленной_генетическими_синдромами_пост_МЗ_2025_60.pdf,akusherstvo-ginekologiya,КП_Оказание_медицинской_помощи_женщинам_репродуктивного_возраста_с_низкорослостью_обусловленной_генетическими_синдромами_пост_МЗ_2025_60.pdf,365151,2026-05-30T13:52:29Z,2025,yes,1,pediatric,Оказание медицинской помощи женщинам репродуктивного возраста с низкорослостью обусловленной генетическими синдромами пост. МЗ 2025 60,Q87.1|Q96|Q97|E23.0|E20.1|E34.3|Q74.0|Q77.4|Q77.8|Q77.9|Q78|Q65,15,index_csv,clinical,Клинический КП (есть коды МКБ)
minzdrav_protocols/akusherstvo-ginekologiya/КП_Оказание_медицинской_помощи_женщинам_с_послеродовыми_кровотечениями_в_стационарных_условиях_пост_МЗ_01042022_24.pdf,akusherstvo-ginekologiya,КП_Оказание_медицинской_помощи_женщинам_с_послеродовыми_кровотечениями_в_стационарных_условиях_пост_МЗ_01042022_24.pdf,494557,2026-05-30T13:52:30Z,2022,yes,1,mixed,Оказание медицинской помощи женщинам с послеродовыми кровотечениями в стационарных условиях пост. МЗ 01042022 24,O72|O72.0|O72.1|O72.2|O72.3,5,index_csv,clinical,Клинический КП (есть коды МКБ)
minzdrav_protocols/akusherstvo-ginekologiya/КП_Оказание_медицинской_помощи_женщинам_с_приращением_плаценты_пост_МЗ_01042022_24.pdf,akusherstvo-ginekologiya,КП_Оказание_медицинской_помощи_женщинам_с_приращением_плаценты_пост_МЗ_01042022_24.pdf,230791,2026-05-30T13:52:30Z,2022,yes,1,pediatric,Оказание медицинской помощи женщинам с приращением плаценты пост. МЗ 01042022 24,O43.2,1,index_csv,clinical,Клинический КП (есть коды МКБ)
minzdrav_protocols/akusherstvo-ginekologiya/КП_Оказание_медицинской_помощи_пациентам_взр_и_детс_население_с_антифосфолипидным_синдромом_пост_МЗ_09.03.2023_40.pdf,akusherstvo-ginekologiya,КП_Оказание_медицинской_помощи_пациентам_взр_и_детс_население_с_антифосфолипидным_синдромом_пост_МЗ_09.03.2023_40.pdf,222590,2026-05-30T13:52:31Z,2023,yes,2,mixed,Оказание медицинской помощи пациентам взр и детс население с антифосфолипидным синдромом пост. МЗ 09.03.2023 40,D68.6,1,index_csv,clinical,Клинический КП (есть коды МКБ)
minzdrav_protocols/akusherstvo-ginekologiya/КП_Пренатальная_диагностика_и_внутриутробное_лечение_аномалий_плода_приводящих_к_диспропорции_пост_МЗ_2024_126.pdf,akusherstvo-ginekologiya,КП_Пренатальная_диагностика_и_внутриутробное_лечение_аномалий_плода_приводящих_к_диспропорции_пост_МЗ_2024_126.pdf,146192,2026-05-30T13:52:31Z,2024,yes,2,pediatric,Пренатальная диагностика и внутриутробное лечение аномалий плода приводящих к диспропорции пост. МЗ 2024 126,O33|O35,2,index_csv,clinical,Клинический КП (есть коды МКБ)
minzdrav_protocols/akusherstvo-ginekologiya/пост._МЗ_РБ_от 08.04.2026_№29_КП_лечение_бесплодия_с_применением_ВРТ_оф. опубл.pdf,akusherstvo-ginekologiya,пост._МЗ_РБ_от 08.04.2026_№29_КП_лечение_бесплодия_с_применением_ВРТ_оф. опубл.pdf,168249,2026-05-30T13:52:32Z,2026,no,1,adult,пост. МЗ РБ от 08.04.2026 №29 КП лечение бесплодия с применением ВРТ,E28.3|E28.8|F52.2|F52.5|N48.4|N46|N97|N97.0|N97.1|N97.2|N97.3|N97.4,26,index_csv,clinical,Клинический КП (есть коды МКБ)
minzdrav_protocols/allergologiya-immunologiya/КП_Диагностика_и_лечение_взр_население_с_бронхиальной_астмой_пост_МЗ_2024_84.pdf,allergologiya-immunologiya,КП_Диагностика_и_лечение_взр_население_с_бронхиальной_астмой_пост_МЗ_2024_84.pdf,635545,2026-05-30T13:52:32Z,2024,yes,2,adult,Диагностика и лечение взрослое население с бронхиальной астмой пост. МЗ 2024 84,J46,1,index_csv,clinical,Клинический КП (есть коды МКБ)
minzdrav_protocols/allergologiya-immunologiya/КП_Диагностика_и_лечение_детей_с_онкологическими_и_гематологическими_заболеваниями_пост_МЗ_РБ_05.12.2022_113.pdf,allergologiya-immunologiya,КП_Диагностика_и_лечение_детей_с_онкологическими_и_гематологическими_заболеваниями_пост_МЗ_РБ_05.12.2022_113.pdf,1380439,2026-05-30T13:52:33Z,2022,yes,3,pediatric,Диагностика и лечение детей с онкологическими и гематологическими заболеваниями пост. МЗ РБ 05.12.2022 113,Q22|P13|D69.3|D61.0|D61|Z94.8|Q31|Q32|Q23|Q21|P21|Q36,25,index_csv,clinical,Клинический КП (есть коды МКБ)
minzdrav_protocols/allergologiya-immunologiya/КП_Диагностика_и_лечение_пациентов_д-нас_с_аллергическим_ринитом_пост_МЗ_2025_38.pdf,allergologiya-immunologiya,КП_Диагностика_и_лечение_пациентов_д-нас_с_аллергическим_ринитом_пост_МЗ_2025_38.pdf,209528,2026-05-30T13:52:33Z,2025,yes,3,pediatric,Диагностика и лечение пациентов детское население с аллергическим ринитом пост. МЗ 2025 38,J30.1|J30.2|J30.3|J30.4,4,index_csv,clinical,Клинический КП (есть коды МКБ)
minzdrav_protocols/allergologiya-immunologiya/КП_Диагностика_и_лечение_пациентов_д-нас_с_бронхиальной_астмой_пост_МЗ_2025_38.pdf,allergologiya-immunologiya,КП_Диагностика_и_лечение_пациентов_д-нас_с_бронхиальной_астмой_пост_МЗ_2025_38.pdf,1567618,2026-05-30T13:52:34Z,2025,yes,3,pediatric,Диагностика и лечение пациентов детское население с бронхиальной астмой пост. МЗ 2025 38,J45.0|J45.1|J45.8|J45.9|J46,5,index_csv,clinical,Клинический КП (есть коды МКБ)
minzdrav_protocols/allergologiya-immunologiya/КП_Диагностика_и_лечение_пациентов_д-нас_с_крапивницей_и_ангионевротическим_отеком_пост_МЗ_2025_38.pdf,allergologiya-immunologiya,КП_Диагностика_и_лечение_пациентов_д-нас_с_крапивницей_и_ангионевротическим_отеком_пост_МЗ_2025_38.pdf,174355,2026-05-30T13:52:34Z,2025,yes,3,pediatric,Диагностика и лечение пациентов детское население с крапивницей и ангионевротическим отеком пост. МЗ 2025 38,L50|L50.0|L50.1|L50.2|L50.3|L50.4|L50.5|L50.6|L50.8|L50.9|T78.3,11,index_csv,clinical,Клинический КП (есть коды МКБ)
minzdrav_protocols/allergologiya-immunologiya/КП_Диагностика_и_лечение_пациентов_с_первичными_иммунодефицитами_(взрос_население)»_пост_МЗ_РБ_11.10.2022_102).pdf,allergologiya-immunologiya,КП_Диагностика_и_лечение_пациентов_с_первичными_иммунодефицитами_(взрос_население)»_пост_МЗ_РБ_11.10.2022_102).pdf,568581,2026-05-30T13:52:35Z,2022,yes,3,adult,Диагностика и лечение пациентов с первичными иммунодефицитами (взрос население) пост. МЗ РБ 11.10.2022 102),D82.8|D80|D82.4|D76.1|D82.0|D69.4|D76.3|D72.8|D80.0|D76|D89.8|D84.8,49,index_csv,clinical,Клинический КП (есть коды МКБ)
minzdrav_protocols/allergologiya-immunologiya/КП_Диагностика_лечение_пациентов_дет_нас_иммуновоспалительными_ревматическими_заболеваниями_пост_МЗ_2024_167.pdf,allergologiya-immunologiya,КП_Диагностика_лечение_пациентов_дет_нас_иммуновоспалительными_ревматическими_заболеваниями_пост_МЗ_2024_167.pdf,414462,2026-05-30T13:52:35Z,2024,yes,2,pediatric,Диагностика лечение пациентов детское население иммуновоспалительными ревматическими заболеваниями пост. МЗ 2024 167,B27|B19|M08.1|M33.0|M34|M32|M08|M08.0|M08.2|M08.3|M08.4|M08.8,14,index_csv,clinical,Клинический КП (есть коды МКБ)
minzdrav_protocols/allergologiya-immunologiya/КП_Диагностика_лечение_пациентов_с_первичными_иммунодефицитами_детс_нас_пост_МЗ_2024_98.pdf,allergologiya-immunologiya,КП_Диагностика_лечение_пациентов_с_первичными_иммунодефицитами_детс_нас_пост_МЗ_2024_98.pdf,815343,2026-05-30T13:52:36Z,2024,yes,3,pediatric,Диагностика лечение пациентов с первичными иммунодефицитами детское население пост. МЗ 2024 98,D82.8|D89.8|D80.5|D84.8|D80.0|D80.1|D81.0|D81.1|D81.3|D81.6|D81.7|D81.8,49,index_csv,clinical,Клинический КП (есть коды МКБ)
minzdrav_protocols/allergologiya-immunologiya/КП_Диагностика_лечение_системной_токсичности_при_применении_местных_анестетиков_пост_МЗ_2017_50.pdf,allergologiya-immunologiya,КП_Диагностика_лечение_системной_токсичности_при_применении_местных_анестетиков_пост_МЗ_2017_50.pdf,274378,2026-05-30T13:52:37Z,2017,yes,2,any,Диагностика лечение системной токсичности при применении местных анестетиков пост. МЗ 2017 50,,0,default,clinical_pending,Клинический КП (МКБ не извлечён из текста)
minzdrav_protocols/allergologiya-immunologiya/КП_Оказание_экстренной_неотложной_медпомощи_пациентам_дет_возраста_пост_МЗ_17.08.2023_118.pdf,allergologiya-immunologiya,КП_Оказание_экстренной_неотложной_медпомощи_пациентам_дет_возраста_пост_МЗ_17.08.2023_118.pdf,466876,2026-05-30T13:52:37Z,2023,yes,5,pediatric,Оказание экстренной неотложной медпомощи пациентам дет возраста пост. МЗ 17.08.2023 118,T78.0|T78.2|T80.5|T81.1|T88.2|T88.6|T88.7|L50|L50.0|L50.1|L50.2|L50.3,19,index_csv,clinical,Клинический КП (есть коды МКБ)
minzdrav_protocols/allergologiya-immunologiya/КП_Трансплантация_гемопоэтических_стволовых_клеток_пациентам_дет-нас_с_первичными_иммунодефицитами»_пост_МЗ_2025_151.pdf,allergologiya-immunologiya,КП_Трансплантация_гемопоэтических_стволовых_клеток_пациентам_дет-нас_с_первичными_иммунодефицитами»_пост_МЗ_2025_151.pdf,342377,2026-05-30T13:52:38Z,2025,yes,5,pediatric,Трансплантация гемопоэтических стволовых клеток пациентам детское население с первичными иммунодефицитами пост. МЗ 2025 151,B19,2,index_csv,clinical,Клинический КП (есть коды МКБ)
minzdrav_protocols/anesteziologiya-reanimatologiya/КП Ранняя диагностика и интенсивная терапия острого респираторного дистресс-синдрома 01.06.2017 № 48.pdf,anesteziologiya-reanimatologiya,КП Ранняя диагностика и интенсивная терапия острого респираторного дистресс-синдрома 01.06.2017 № 48.pdf,283829,2026-05-30T13:52:38Z,2017,no,4,mixed,Ранняя диагностика и интенсивная терапия острого респираторного дистресс-синдрома 01.06.2017 №48,J80,1,index_csv,clinical,Клинический КП (есть коды МКБ)
minzdrav_protocols/anesteziologiya-reanimatologiya/КП оказания скорой неотложной медицинской помощи взрослому населению 30.09.2010 N1030.pdf,anesteziologiya-reanimatologiya,КП оказания скорой неотложной медицинской помощи взрослому населению 30.09.2010 N1030.pdf,952414,2026-05-30T13:52:39Z,2010,no,1,adult,оказания скорой неотложной медицинской помощи взрослому населению 30.09.2010 N1030,,0,index_csv,clinical_pending,Клинический КП (МКБ не извлечён из текста)
minzdrav_protocols/anesteziologiya-reanimatologiya/КП предоперационной диагностики мониторирования и выбора метода анестезии 08.06.2011 №615.pdf,anesteziologiya-reanimatologiya,КП предоперационной диагностики мониторирования и выбора метода анестезии 08.06.2011 №615.pdf,1132435,2026-05-30T13:52:39Z,2011,no,1,any,предоперационной диагностики мониторирования и выбора метода анестезии 08.06.2011 №615,,0,default,clinical_pending,Клинический КП (МКБ не извлечён из текста)
minzdrav_protocols/anesteziologiya-reanimatologiya/КП_Анестезиологическое_обеспечение_хирургических_вмешательств_пост_МЗ_19.04.2023_57.pdf,anesteziologiya-reanimatologiya,КП_Анестезиологическое_обеспечение_хирургических_вмешательств_пост_МЗ_19.04.2023_57.pdf,756982,2026-05-30T13:52:40Z,2023,yes,2,any,Анестезиологическое обеспечение хирургических вмешательств пост. МЗ 19.04.2023 57,N02,1,default,clinical,Клинический КП (есть коды МКБ)
minzdrav_protocols/anesteziologiya-reanimatologiya/КП_Диагностика_и_лечение_пациентов_д-нас_с_аллергическим_ринитом_пост_МЗ_2025_38.pdf,anesteziologiya-reanimatologiya,КП_Диагностика_и_лечение_пациентов_д-нас_с_аллергическим_ринитом_пост_МЗ_2025_38.pdf,209528,2026-05-30T13:52:41Z,2025,yes,3,pediatric,Диагностика и лечение пациентов детское население с аллергическим ринитом пост. МЗ 2025 38,J30.1|J30.2|J30.3|J30.4,4,index_csv,clinical,Клинический КП (есть коды МКБ)
minzdrav_protocols/anesteziologiya-reanimatologiya/КП_Диагностика_и_лечение_пациентов_д-нас_с_бронхиальной_астмой_пост_МЗ_2025_38.pdf,anesteziologiya-reanimatologiya,КП_Диагностика_и_лечение_пациентов_д-нас_с_бронхиальной_астмой_пост_МЗ_2025_38.pdf,1567618,2026-05-30T13:52:41Z,2025,yes,3,pediatric,Диагностика и лечение пациентов детское население с бронхиальной астмой пост. МЗ 2025 38,J45.0|J45.1|J45.8|J45.9|J46,5,index_csv,clinical,Клинический КП (есть коды МКБ)
minzdrav_protocols/anesteziologiya-reanimatologiya/КП_Диагностика_и_лечение_пациентов_д-нас_с_крапивницей_и_ангионевротическим_отеком_пост_МЗ_2025_38.pdf,anesteziologiya-reanimatologiya,КП_Диагностика_и_лечение_пациентов_д-нас_с_крапивницей_и_ангионевротическим_отеком_пост_МЗ_2025_38.pdf,174355,2026-05-30T13:52:42Z,2025,yes,3,pediatric,Диагностика и лечение пациентов детское население с крапивницей и ангионевротическим отеком пост. МЗ 2025 38,L50|L50.0|L50.1|L50.2|L50.3|L50.4|L50.5|L50.6|L50.8|L50.9|T78.3,11,index_csv,clinical,Клинический КП (есть коды МКБ)
minzdrav_protocols/anesteziologiya-reanimatologiya/КП_Диагностика_лечение_пациентов_взр_нас_с_закрытой_травмой_грудной_клетки_в_стац_условиях_пост_МЗ_2023_182.pdf,anesteziologiya-reanimatologiya,КП_Диагностика_лечение_пациентов_взр_нас_с_закрытой_травмой_грудной_клетки_в_стац_условиях_пост_МЗ_2023_182.pdf,214413,2026-05-30T13:52:42Z,2023,yes,2,adult,Диагностика лечение пациентов взрослое население с закрытой травмой грудной клетки в стационарных условияхиях пост. МЗ 2023 182,S20|S29,2,index_csv,clinical,Клинический КП (есть коды МКБ)
minzdrav_protocols/anesteziologiya-reanimatologiya/КП_Диагностика_лечение_пациентов_взр_нас_с_острой_кишечной_непроходимостью_в_стац_условиях_пост_МЗ_2023_182.pdf,anesteziologiya-reanimatologiya,КП_Диагностика_лечение_пациентов_взр_нас_с_острой_кишечной_непроходимостью_в_стац_условиях_пост_МЗ_2023_182.pdf,194391,2026-05-30T13:52:43Z,2023,yes,3,adult,Диагностика лечение пациентов взрослое население с острой кишечной непроходимостью в стационарных условияхиях пост. МЗ 2023 182,,0,index_csv,clinical_pending,Клинический КП (МКБ не извлечён из текста)
minzdrav_protocols/anesteziologiya-reanimatologiya/КП_Диагностика_лечение_пациентов_взр_нас_с_острым_аппендицитом_в_стац_условиях_пост_МЗ_2023_182.pdf,anesteziologiya-reanimatologiya,КП_Диагностика_лечение_пациентов_взр_нас_с_острым_аппендицитом_в_стац_условиях_пост_МЗ_2023_182.pdf,176734,2026-05-30T13:52:43Z,2023,yes,3,adult,Диагностика лечение пациентов взрослое население с острым аппендицитом в стационарных условияхиях пост. МЗ 2023 182,,0,index_csv,clinical_pending,Клинический КП (МКБ не извлечён из текста)
minzdrav_protocols/anesteziologiya-reanimatologiya/КП_Диагностика_лечение_пациентов_взр_нас_с_острым_панкреатитом_в_стац_условиях_пост_МЗ_2023_182.pdf,anesteziologiya-reanimatologiya,КП_Диагностика_лечение_пациентов_взр_нас_с_острым_панкреатитом_в_стац_условиях_пост_МЗ_2023_182.pdf,192282,2026-05-30T13:52:43Z,2023,yes,3,adult,Диагностика лечение пациентов взрослое население с острым панкреатитом в стационарных условияхиях пост. МЗ 2023 182,K86.1,1,index_csv,clinical,Клинический КП (есть коды МКБ)
minzdrav_protocols/anesteziologiya-reanimatologiya/КП_Диагностика_лечение_пациентов_взр_нас_с_острым_холециститом_в_стац_условиях_пост_МЗ_2023_182.pdf,anesteziologiya-reanimatologiya,КП_Диагностика_лечение_пациентов_взр_нас_с_острым_холециститом_в_стац_условиях_пост_МЗ_2023_182.pdf,183211,2026-05-30T13:52:44Z,2023,yes,3,adult,Диагностика лечение пациентов взрослое население с острым холециститом в стационарных условияхиях пост. МЗ 2023 182,K81.9|N30.0,2,index_csv,clinical,Клинический КП (есть коды МКБ)
minzdrav_protocols/anesteziologiya-reanimatologiya/КП_Диагностика_лечение_пациентов_взр_нас_с_острыми_гастродуоденальными_кровотечениями_в_стац_условиях_пост_МЗ_2023_182.pdf,anesteziologiya-reanimatologiya,КП_Диагностика_лечение_пациентов_взр_нас_с_острыми_гастродуоденальными_кровотечениями_в_стац_условиях_пост_МЗ_2023_182.pdf,172848,2026-05-30T13:52:44Z,2023,yes,3,adult,Диагностика лечение пациентов взрослое население с острыми гастродуоденальными кровотечениями в стационарных условияхиях пост. МЗ 2023 182,I85.0|I86.4|K27.0|K27.4|K28.0|K28.4|S20|S29,9,index_csv,clinical,Клинический КП (есть коды МКБ)
minzdrav_protocols/anesteziologiya-reanimatologiya/КП_Диагностика_лечение_пациентов_взр_нас_с_перфоративной_гастродуоденальной_язвой_в_стац_условиях_пост_МЗ_2023_182.pdf,anesteziologiya-reanimatologiya,КП_Диагностика_лечение_пациентов_взр_нас_с_перфоративной_гастродуоденальной_язвой_в_стац_условиях_пост_МЗ_2023_182.pdf,172518,2026-05-30T13:52:45Z,2023,yes,3,adult,Диагностика лечение пациентов взрослое население с перфоративной гастродуоденальной язвой в стационарных условияхиях пост. МЗ 2023 182,K25.1|K25.2|K25.5|K25.6|K26.1|K26.2|K26.5|K26.6|K27.1|K27.2|K27.5|K27.6,16,index_csv,clinical,Клинический КП (есть коды МКБ)
minzdrav_protocols/anesteziologiya-reanimatologiya/КП_Диагностика_лечение_пациентов_взр_нас_с_травмой_живота_в_стац_условиях_пост_МЗ_2023_182.pdf,anesteziologiya-reanimatologiya,КП_Диагностика_лечение_пациентов_взр_нас_с_травмой_живота_в_стац_условиях_пост_МЗ_2023_182.pdf,186153,2026-05-30T13:52:45Z,2023,yes,3,adult,Диагностика лечение пациентов взрослое население с травмой живота в стационарных условияхиях пост. МЗ 2023 182,S30.1|S30.7|S30.8|S30.9|S31.1|S31.7|S31.8|S36|S37.0|S37.1|S37.2|S39,12,index_csv,clinical,Клинический КП (есть коды МКБ)
minzdrav_protocols/anesteziologiya-reanimatologiya/КП_Диагностика_лечение_пациентов_взр_нас_с_ущемленной_грыжей_в_стац_условиях_пост_МЗ_2023_182.pdf,anesteziologiya-reanimatologiya,КП_Диагностика_лечение_пациентов_взр_нас_с_ущемленной_грыжей_в_стац_условиях_пост_МЗ_2023_182.pdf,177021,2026-05-30T13:52:46Z,2023,yes,2,adult,Диагностика лечение пациентов взрослое население с ущемленной грыжей в стационарных условияхиях пост. МЗ 2023 182,,0,index_csv,clinical_pending,Клинический КП (МКБ не извлечён из текста)
minzdrav_protocols/anesteziologiya-reanimatologiya/КП_Диагностика_лечение_профилактика_инфаркта_мозга_детс_нас_пост_МЗ_2024_127.pdf,anesteziologiya-reanimatologiya,КП_Диагностика_лечение_профилактика_инфаркта_мозга_детс_нас_пост_МЗ_2024_127.pdf,1629877,2026-05-30T13:52:46Z,2024,yes,2,pediatric,Диагностика лечение профилактика инфаркта мозга детское население пост. МЗ 2024 127,I63|I63.0|I63.1|I63.2|I63.3|I63.4|I63.5|I63.8|I63.9|I69.3,10,index_csv,clinical,Клинический КП (есть коды МКБ)
minzdrav_protocols/anesteziologiya-reanimatologiya/КП_Диагностика_лечение_реабилитация_пациентов_термической_травмой_и_последствиями_пост_МЗ_2025_40.pdf,anesteziologiya-reanimatologiya,КП_Диагностика_лечение_реабилитация_пациентов_термической_травмой_и_последствиями_пост_МЗ_2025_40.pdf,477765,2026-05-30T13:52:47Z,2025,yes,3,mixed,Диагностика лечение реабилитация пациентов термической травмой и последствиями пост. МЗ 2025 40,H04|T25|T29|T32|L55|T69.0|T69.1,7,index_csv,clinical,Клинический КП (есть коды МКБ)
minzdrav_protocols/anesteziologiya-reanimatologiya/КП_Диагностика_лечение_системной_токсичности_при_применении_местных_анестетиков_пост_МЗ_2017_50.pdf,anesteziologiya-reanimatologiya,КП_Диагностика_лечение_системной_токсичности_при_применении_местных_анестетиков_пост_МЗ_2017_50.pdf,274378,2026-05-30T13:52:47Z,2017,yes,2,any,Диагностика лечение системной токсичности при применении местных анестетиков пост. МЗ 2017 50,,0,default,clinical_pending,Клинический КП (МКБ не извлечён из текста)
minzdrav_protocols/anesteziologiya-reanimatologiya/КП_Интенсивная_терапия_критических_для_жизни_состояний_взр_население_ пост_МЗ_13.06.2023_100.pdf,anesteziologiya-reanimatologiya,КП_Интенсивная_терапия_критических_для_жизни_состояний_взр_население_ пост_МЗ_13.06.2023_100.pdf,389410,2026-05-30T13:52:48Z,2023,yes,1,adult,Интенсивная терапия критических для жизни состояний взрослое население пост. МЗ 13.06.2023 100,,0,index_csv,clinical_pending,Клинический КП (МКБ не извлечён из текста)
minzdrav_protocols/anesteziologiya-reanimatologiya/КП_Оказание мед_помощи_в_критических_для_жизни_состояниях_23_08_2021_№99.pdf,anesteziologiya-reanimatologiya,КП_Оказание мед_помощи_в_критических_для_жизни_состояниях_23_08_2021_№99.pdf,1188721,2026-05-30T13:52:49Z,2021,no,1,any,Оказание мед помощи в критических для жизни состояниях 23.08.2021 №99,,0,default,clinical_pending,Клинический КП (МКБ не извлечён из текста)
minzdrav_protocols/anesteziologiya-reanimatologiya/КП_Оказание_медицинской_помощи_в_неонатологии_постановление_МЗ_18042022_34.pdf,anesteziologiya-reanimatologiya,КП_Оказание_медицинской_помощи_в_неонатологии_постановление_МЗ_18042022_34.pdf,1344349,2026-05-30T13:52:49Z,2022,yes,3,pediatric,Оказание медицинской помощи в неонатологии постановление МЗ 18042022 34,B19,1,index_csv,clinical,Клинический КП (есть коды МКБ)
minzdrav_protocols/anesteziologiya-reanimatologiya/КП_Оказание_экстренной_неотложной_медпомощи_пациентам_дет_возраста_пост_МЗ_17.08.2023_118.pdf,anesteziologiya-reanimatologiya,КП_Оказание_экстренной_неотложной_медпомощи_пациентам_дет_возраста_пост_МЗ_17.08.2023_118.pdf,466876,2026-05-30T13:52:50Z,2023,yes,5,pediatric,Оказание экстренной неотложной медпомощи пациентам дет возраста пост. МЗ 17.08.2023 118,T78.0|T78.2|T80.5|T81.1|T88.2|T88.6|T88.7|L50|L50.0|L50.1|L50.2|L50.3,19,index_csv,clinical,Клинический КП (есть коды МКБ)
"minzdrav_protocols/bolezni-sistemy-krovoobrashcheniya/КП Диагностика и лечение болезней, характеризующихся повышенным кровяным давлением 06.06.2017 № 59.pdf",bolezni-sistemy-krovoobrashcheniya,"КП Диагностика и лечение болезней, характеризующихся повышенным кровяным давлением 06.06.2017 № 59.pdf",386459,2026-05-30T13:52:50Z,2017,no,1,any,"Диагностика и лечение болезней, характеризующихся повышенным кровяным давлением 06.06.2017 №59",I10.0|I11.0|I12.0|I13.0|I13.2|I15.0,6,default,clinical,Клинический КП (есть коды МКБ)
minzdrav_protocols/bolezni-sistemy-krovoobrashcheniya/КП Диагностика и лечение пациентов с хронической атеросклеротической аневризмой нисходящего отдела грудной и брюшной аорты 01.06.2017 № 47.pdf,bolezni-sistemy-krovoobrashcheniya,КП Диагностика и лечение пациентов с хронической атеросклеротической аневризмой нисходящего отдела грудной и брюшной аорты 01.06.2017 № 47.pdf,262004,2026-05-30T13:52:51Z,2017,no,2,any,Диагностика и лечение пациентов с хронической атеросклеротической аневризмой нисходящего отдела грудной и брюшной аорты 01.06.2017 №47,I71.2|I71.4,2,default,clinical,Клинический КП (есть коды МКБ)
minzdrav_protocols/bolezni-sistemy-krovoobrashcheniya/КП_Диагностика_и_лечение_пациентов_(взрослое_население)_с_тромбозом_глубоких_вен_пост_МЗ_от_22_03_2022_№17.pdf,bolezni-sistemy-krovoobrashcheniya,КП_Диагностика_и_лечение_пациентов_(взрослое_население)_с_тромбозом_глубоких_вен_пост_МЗ_от_22_03_2022_№17.pdf,204162,2026-05-30T13:52:51Z,2022,yes,2,adult,Диагностика и лечение пациентов (взрослое население) с тромбозом глубоких вен пост. МЗ от 22.03.2022 №17,I80|I82,2,index_csv,clinical,Клинический КП (есть коды МКБ)
minzdrav_protocols/bolezni-sistemy-krovoobrashcheniya/КП_Диагностика_и_лечение_пациентов_с_заболеваниями_периферических_артерий_взр_нас_пост_МЗ_11.05.2023_77.pdf,bolezni-sistemy-krovoobrashcheniya,КП_Диагностика_и_лечение_пациентов_с_заболеваниями_периферических_артерий_взр_нас_пост_МЗ_11.05.2023_77.pdf,308641,2026-05-30T13:52:52Z,2023,yes,2,adult,Диагностика и лечение пациентов с заболеваниями периферических артерий взрослое население пост. МЗ 11.05.2023 77,I70|I71|I72|I73|I74|I77,6,index_csv,clinical,Клинический КП (есть коды МКБ)
minzdrav_protocols/bolezni-sistemy-krovoobrashcheniya/КП_Диагностика_и_лечение_пациентов_с_хроническими_заболеваниями_вен_взр_население-пост_МЗ_2022_55.pdf,bolezni-sistemy-krovoobrashcheniya,КП_Диагностика_и_лечение_пациентов_с_хроническими_заболеваниями_вен_взр_население-пост_МЗ_2022_55.pdf,208596,2026-05-30T13:52:52Z,2022,yes,3,adult,Диагностика и лечение пациентов с хроническими заболеваниями вен взрослое население-пост. МЗ 2022 55,I80|I83|I86.2|I86.3|I87|I82,6,index_csv,clinical,Клинический КП (есть коды МКБ)
minzdrav_protocols/bolezni-sistemy-krovoobrashcheniya/КП_Диагностика_лечение_пациентов_взр_нас_со_стенозом_аортального_клапана_в_стационарных_условиях_пост_МЗ_2022_123.pdf,bolezni-sistemy-krovoobrashcheniya,КП_Диагностика_лечение_пациентов_взр_нас_со_стенозом_аортального_клапана_в_стационарных_условиях_пост_МЗ_2022_123.pdf,223242,2026-05-30T13:52:53Z,2022,yes,2,adult,Диагностика лечение пациентов взрослое население со стенозом аортального клапана в стационарных условиях пост. МЗ 2022 123,I06.0|I35.0,2,index_csv,clinical,Клинический КП (есть коды МКБ)
minzdrav_protocols/bolezni-sistemy-krovoobrashcheniya/КП_Диагностика_лечение_пациентов_кардиологическими_заболеваниями_д-нас_пост_МЗ_2025_17.pdf,bolezni-sistemy-krovoobrashcheniya,КП_Диагностика_лечение_пациентов_кардиологическими_заболеваниями_д-нас_пост_МЗ_2025_17.pdf,295323,2026-05-30T13:52:53Z,2025,yes,1,pediatric,Диагностика лечение пациентов кардиологическими заболеваниями детское население пост. МЗ 2025 17,I10|I11|I11.0|I11.9|I12|I12.0|I12.9|I13|I13.0|I13.1|I13.2|I13.9,54,index_csv,clinical,Клинический КП (есть коды МКБ)
"minzdrav_protocols/bolezni-sistemy-krovoobrashcheniya/Клинический протокол диагностики и лечения заболеваний, осложненных сердечной недостаточностью 06.06.2017 № 59.pdf",bolezni-sistemy-krovoobrashcheniya,"Клинический протокол диагностики и лечения заболеваний, осложненных сердечной недостаточностью 06.06.2017 № 59.pdf",201333,2026-05-30T13:52:54Z,2017,no,1,any,"Клинический протокол диагностики и лечения заболеваний, осложненных сердечной недостаточностью 06.06.2017 №59",I50.0|I50.1,2,default,clinical,Клинический КП (есть коды МКБ)
"minzdrav_protocols/bolezni-sistemy-krovoobrashcheniya/Клинический протокол диагностики и лечения инфаркта миокарда, нестабильной стенокардии 06.06.2017 № 59.pdf",bolezni-sistemy-krovoobrashcheniya,"Клинический протокол диагностики и лечения инфаркта миокарда, нестабильной стенокардии 06.06.2017 № 59.pdf",486983,2026-05-30T13:52:54Z,2017,no,1,any,"Клинический протокол диагностики и лечения инфаркта миокарда, нестабильной стенокардии 06.06.2017 №59",I21|I22|I20.0,3,default,clinical,Клинический КП (есть коды МКБ)
minzdrav_protocols/bolezni-sistemy-krovoobrashcheniya/Клинический протокол диагностики и лечения тахикардии и нарушений проводимости 06.06.2017 № 59.pdf,bolezni-sistemy-krovoobrashcheniya,Клинический протокол диагностики и лечения тахикардии и нарушений проводимости 06.06.2017 № 59.pdf,664431,2026-05-30T13:52:55Z,2017,no,1,any,Клинический протокол диагностики и лечения тахикардии и нарушений проводимости 06.06.2017 №59,I47.1|I47.2|I49.5|I44.0|I49.4|I44.1|I44.2|I45.9|I48|I49.0|I45.6|I44.4,16,default,clinical,Клинический КП (есть коды МКБ)
minzdrav_protocols/bolezni-sistemy-krovoobrashcheniya/Протоколы медицинской реабилитации детей с кардиоревматологической патологией 18.02.2011 №172.pdf,bolezni-sistemy-krovoobrashcheniya,Протоколы медицинской реабилитации детей с кардиоревматологической патологией 18.02.2011 №172.pdf,355264,2026-05-30T13:52:55Z,2011,no,2,pediatric,Протоколы медицинской реабилитации детей с кардиоревматологической патологией 18.02.2011 №172,,0,index_csv,rehabilitation,Реабилитация (широкий охват МКБ)
minzdrav_protocols/dermatovenerologiya/КП атопический дерматит 25.02.2008_№142.pdf,dermatovenerologiya,КП атопический дерматит 25.02.2008_№142.pdf,487759,2026-05-30T13:52:56Z,2008,no,1,mixed,атопический дерматит 25.02.2008 №142,Q81.0,7,index_csv,clinical,Клинический КП (есть коды МКБ)
minzdrav_protocols/dermatovenerologiya/КП диагностики и лечения пациентов с возрастными изменениями кожи и с кожными болезнями 25.10.2006_807.pdf,dermatovenerologiya,КП диагностики и лечения пациентов с возрастными изменениями кожи и с кожными болезнями 25.10.2006_807.pdf,219493,2026-05-30T13:52:56Z,2006,no,1,any,диагностики и лечения пациентов с возрастными изменениями кожи и с кожными болезнями 25.10.2006 807,L70.0|L70.01|L70.83|L68|L68.0|L81.8|L21.0|L21.9|L71|L72.1|L72.0|L71.0,29,default,clinical,Клинический КП (есть коды МКБ)
minzdrav_protocols/dermatovenerologiya/КП диагностики и лечения пациентов с инфекциями передаваемыми половым путем 29.10.2009_№1020.pdf,dermatovenerologiya,КП диагностики и лечения пациентов с инфекциями передаваемыми половым путем 29.10.2009_№1020.pdf,542049,2026-05-30T13:52:57Z,2009,no,2,pediatric,диагностики и лечения пациентов с инфекциями передаваемыми половым путем 29.10.2009 №1020,Z29.2|N89.8|Z11.3|Z20.2,4,index_csv,clinical,Клинический КП (есть коды МКБ)
minzdrav_protocols/dermatovenerologiya/КП диагностики лечения больных с болезнями кожи 25.02.2008_№142.pdf,dermatovenerologiya,КП диагностики лечения больных с болезнями кожи 25.02.2008_№142.pdf,798963,2026-05-30T13:52:57Z,2008,no,1,adult,диагностики лечения больных с болезнями кожи 25.02.2008 №142,Q81.0,136,index_csv,clinical,Клинический КП (есть коды МКБ)
minzdrav_protocols/dermatovenerologiya/КП_Диагностика_и_лечение_пациентов_взр.население_с_болезнями_кожи_воздействием_излучения_постановление_МЗ_2022_59.pdf,dermatovenerologiya,КП_Диагностика_и_лечение_пациентов_взр.население_с_болезнями_кожи_воздействием_излучения_постановление_МЗ_2022_59.pdf,240672,2026-05-30T13:52:58Z,2022,yes,1,adult,Диагностика и лечение пациентов взрослое население с болезнями кожи воздействием излучения постановление МЗ 2022 59,L01|L08.0|L08.01|L08.02|L08.03|L08.04|L08.1|L08.81|L10.0|L10.8|L11.0|L12,97,index_csv,clinical,Клинический КП (есть коды МКБ)
minzdrav_protocols/dermatovenerologiya/КП_Диагностика_и_лечение_пациентов_взр.население_с_болезнями_придатков_кожи_постановление_МЗ_2022_59.pdf,dermatovenerologiya,КП_Диагностика_и_лечение_пациентов_взр.население_с_болезнями_придатков_кожи_постановление_МЗ_2022_59.pdf,411709,2026-05-30T13:52:58Z,2022,yes,1,adult,Диагностика и лечение пациентов взрослое население с болезнями придатков кожи постановление МЗ 2022 59,L01|L08.0|L08.01|L08.02|L08.03|L08.04|L08.1|L08.81|L10.0|L10.8|L11.0|L12,97,index_csv,clinical,Клинический КП (есть коды МКБ)
minzdrav_protocols/dermatovenerologiya/КП_Диагностика_и_лечение_пациентов_взр.население_с_буллезными_нарушениями_постановление_МЗ_2022_59.pdf,dermatovenerologiya,КП_Диагностика_и_лечение_пациентов_взр.население_с_буллезными_нарушениями_постановление_МЗ_2022_59.pdf,501510,2026-05-30T13:52:59Z,2022,yes,1,adult,Диагностика и лечение пациентов взрослое население с буллезными нарушениями постановление МЗ 2022 59,L10|L01|L08.0|L08.01|L08.02|L08.03|L08.04|L08.1|L08.81|L10.0|L10.8|L11.0,97,index_csv,clinical,Клинический КП (есть коды МКБ)
minzdrav_protocols/dermatovenerologiya/КП_Диагностика_и_лечение_пациентов_взр.население_с_дерматитом_и_экземой_постановление_МЗ_2022_59.pdf,dermatovenerologiya,КП_Диагностика_и_лечение_пациентов_взр.население_с_дерматитом_и_экземой_постановление_МЗ_2022_59.pdf,924038,2026-05-30T13:53:00Z,2022,yes,1,adult,Диагностика и лечение пациентов взрослое население с дерматитом и экземой постановление МЗ 2022 59,L20|L30|L01|L08.0|L08.01|L08.02|L08.03|L08.04|L08.1|L08.81|L10.0|L10.8,96,index_csv,clinical,Клинический КП (есть коды МКБ)
minzdrav_protocols/dermatovenerologiya/КП_Диагностика_и_лечение_пациентов_взр.население_с_другими_болезнями_кожи_и_подкожной_клетчатки_постановление_МЗ_2022_59.pdf,dermatovenerologiya,КП_Диагностика_и_лечение_пациентов_взр.население_с_другими_болезнями_кожи_и_подкожной_клетчатки_постановление_МЗ_2022_59.pdf,443283,2026-05-30T13:53:00Z,2022,yes,1,adult,Диагностика и лечение пациентов взрослое население с другими болезнями кожи и подкожной клетчатки постановление МЗ 2022 59,L80|L01|L08.0|L08.01|L08.02|L08.03|L08.04|L08.1|L08.81|L10.0|L10.8|L11.0,96,index_csv,clinical,Клинический КП (есть коды МКБ)
minzdrav_protocols/dermatovenerologiya/КП_Диагностика_и_лечение_пациентов_взр.население_с_инфекциями_кожи_и_подкожной_клетчатки»_постановление_МЗ_2022_59.pdf,dermatovenerologiya,КП_Диагностика_и_лечение_пациентов_взр.население_с_инфекциями_кожи_и_подкожной_клетчатки»_постановление_МЗ_2022_59.pdf,259486,2026-05-30T13:53:01Z,2022,yes,1,adult,Диагностика и лечение пациентов взрослое население с инфекциями кожи и подкожной клетчатки постановление МЗ 2022 59,L01|L08.0|L08.01|L08.02|L08.03|L08.04|L08.1|L08.81|L10.0|L10.8|L11.0|L12,97,index_csv,clinical,Клинический КП (есть коды МКБ)
minzdrav_protocols/dermatovenerologiya/КП_Диагностика_и_лечение_пациентов_взр.население_с_крапивницей_и_эритемой_постановление_МЗ_2022_59.pdf,dermatovenerologiya,КП_Диагностика_и_лечение_пациентов_взр.население_с_крапивницей_и_эритемой_постановление_МЗ_2022_59.pdf,307819,2026-05-30T13:53:01Z,2022,yes,1,adult,Диагностика и лечение пациентов взрослое население с крапивницей и эритемой постановление МЗ 2022 59,L50|L01|L08.0|L08.01|L08.02|L08.03|L08.04|L08.1|L08.81|L10.0|L10.8|L11.0,96,index_csv,clinical,Клинический КП (есть коды МКБ)
minzdrav_protocols/dermatovenerologiya/КП_Диагностика_и_лечение_пациентов_взр.население_с_папулосквамозными_нарушениями_постановление_МЗ_2022_59.pdf,dermatovenerologiya,КП_Диагностика_и_лечение_пациентов_взр.население_с_папулосквамозными_нарушениями_постановление_МЗ_2022_59.pdf,535359,2026-05-30T13:53:02Z,2022,yes,1,adult,Диагностика и лечение пациентов взрослое население с папулосквамозными нарушениями постановление МЗ 2022 59,L40.0|L40.4|L40.2|L40.3|L53.8|L40.1|L40.5|L40.8|L60.3|L40|L01|L08.0,98,index_csv,clinical,Клинический КП (есть коды МКБ)
minzdrav_protocols/dermatovenerologiya/КП_Диагностика_и_лечение_пациентов_д-нас_с_крапивницей_и_ангионевротическим_отеком_пост_МЗ_2025_38.pdf,dermatovenerologiya,КП_Диагностика_и_лечение_пациентов_д-нас_с_крапивницей_и_ангионевротическим_отеком_пост_МЗ_2025_38.pdf,174355,2026-05-30T13:53:02Z,2025,yes,3,pediatric,Диагностика и лечение пациентов детское население с крапивницей и ангионевротическим отеком пост. МЗ 2025 38,L50|L50.0|L50.1|L50.2|L50.3|L50.4|L50.5|L50.6|L50.8|L50.9|T78.3,11,index_csv,clinical,Клинический КП (есть коды МКБ)
minzdrav_protocols/dermatovenerologiya/КП_Диагностика_лечение_пациентов_взр_детс_нас_с_врожденным_буллезным_эпидермолизом_пост_МЗ_2020_119.pdf,dermatovenerologiya,КП_Диагностика_лечение_пациентов_взр_детс_нас_с_врожденным_буллезным_эпидермолизом_пост_МЗ_2020_119.pdf,196984,2026-05-30T13:53:03Z,2020,yes,1,mixed,Диагностика лечение пациентов взр детское население с врожденным буллезным эпидермолизом пост. МЗ 2020 119,Q81.0|Q81|Q81.9,3,index_csv,clinical,Клинический КП (есть коды МКБ)
minzdrav_protocols/dermatovenerologiya/КП_Диагностика_лечение_пациентов_взрос_с_доброкач_забол_прямой_кишки_параректальной_и_копчиковой_области_амбул_пост_МЗ_01.04.2022_№22.pdf,dermatovenerologiya,КП_Диагностика_лечение_пациентов_взрос_с_доброкач_забол_прямой_кишки_параректальной_и_копчиковой_области_амбул_пост_МЗ_01.04.2022_№22.pdf,204428,2026-05-30T13:53:03Z,2022,yes,5,adult,Диагностика лечение пациентов взрос с доброкач забол прямой кишки параректальной и копчиковой области амбулаторных пост. МЗ 01.04.2022 №22,D12|D12.8|D12.9|K60.4|K60.5|K61.1|K61.2|L05|L05.0|L05.9|L29|L29.0,13,index_csv,clinical,Клинический КП (есть коды МКБ)
minzdrav_protocols/dermatovenerologiya/КП_Диагностика_лечение_пациентов_детс_нас_буллезными_нарушениями_пост_МЗ_2024_107.pdf,dermatovenerologiya,КП_Диагностика_лечение_пациентов_детс_нас_буллезными_нарушениями_пост_МЗ_2024_107.pdf,315002,2026-05-30T13:53:03Z,2024,yes,1,pediatric,Диагностика лечение пациентов детское население буллезными нарушениями пост. МЗ 2024 107,L10|L14,2,index_csv,clinical,Клинический КП (есть коды МКБ)
minzdrav_protocols/dermatovenerologiya/КП_Диагностика_лечение_пациентов_детс_нас_дерматитом_экземой_пост_МЗ_2024_107.pdf,dermatovenerologiya,КП_Диагностика_лечение_пациентов_детс_нас_дерматитом_экземой_пост_МЗ_2024_107.pdf,977731,2026-05-30T13:53:04Z,2024,yes,1,pediatric,Диагностика лечение пациентов детское население дерматитом экземой пост. МЗ 2024 107,L20|L30,3,index_csv,clinical,Клинический КП (есть коды МКБ)
minzdrav_protocols/dermatovenerologiya/КП_Диагностика_лечение_пациентов_детс_нас_инфекциями_кожи_подкожной_клетчатки_пост_МЗ_2024_107.pdf,dermatovenerologiya,КП_Диагностика_лечение_пациентов_детс_нас_инфекциями_кожи_подкожной_клетчатки_пост_МЗ_2024_107.pdf,194948,2026-05-30T13:53:05Z,2024,yes,1,pediatric,Диагностика лечение пациентов детское население инфекциями кожи подкожной клетчатки пост. МЗ 2024 107,L00|L08,2,index_csv,clinical,Клинический КП (есть коды МКБ)
minzdrav_protocols/dermatovenerologiya/КП_Диагностика_лечение_пациентов_детс_нас_папулосквамозными_нарушениями»_пост_МЗ_2024_107.pdf,dermatovenerologiya,КП_Диагностика_лечение_пациентов_детс_нас_папулосквамозными_нарушениями»_пост_МЗ_2024_107.pdf,313905,2026-05-30T13:53:05Z,2024,yes,1,pediatric,Диагностика лечение пациентов детское население папулосквамозными нарушениями пост. МЗ 2024 107,L40.0|L40.8|L40.4|L40.2|L40.3|L60.3|L53.8|L40.1|L40.5|L40|L45,11,index_csv,clinical,Клинический КП (есть коды МКБ)
minzdrav_protocols/dermatovenerologiya/КП_Диагностика_лечение_пациентов_с_сифилитической_инфекцией_пост_МЗ_2019_96.pdf,dermatovenerologiya,КП_Диагностика_лечение_пациентов_с_сифилитической_инфекцией_пост_МЗ_2019_96.pdf,443162,2026-05-30T13:53:05Z,2019,yes,2,pediatric,Диагностика лечение пациентов с сифилитической инфекцией пост. МЗ 2019 96,G01|G05.0|G63.0|L99.8|N74.2|A50.9|A51.9|I98|I98.0|I79.0|I39.1|I79.1,20,index_csv,clinical,Клинический КП (есть коды МКБ)
minzdrav_protocols/dermatovenerologiya/КП_Диагностика_лечение_профилактика_пролежней_пациентов_взр_нас_ пост_МЗ_2024_146.pdf,dermatovenerologiya,КП_Диагностика_лечение_профилактика_пролежней_пациентов_взр_нас_ пост_МЗ_2024_146.pdf,419569,2026-05-30T13:53:06Z,2024,yes,4,adult,Диагностика лечение профилактика пролежней пациентов взрослое население пост. МЗ 2024 146,L89,1,index_csv,clinical,Клинический КП (есть коды МКБ)
minzdrav_protocols/dermatovenerologiya/КП_Оказание_экстренной_неотложной_медпомощи_пациентам_дет_возраста_пост_МЗ_17.08.2023_118.pdf,dermatovenerologiya,КП_Оказание_экстренной_неотложной_медпомощи_пациентам_дет_возраста_пост_МЗ_17.08.2023_118.pdf,466876,2026-05-30T13:53:06Z,2023,yes,5,pediatric,Оказание экстренной неотложной медпомощи пациентам дет возраста пост. МЗ 17.08.2023 118,T78.0|T78.2|T80.5|T81.1|T88.2|T88.6|T88.7|L50|L50.0|L50.1|L50.2|L50.3,19,index_csv,clinical,Клинический КП (есть коды МКБ)
minzdrav_protocols/dermatovenerologiya/постановление_МЗ_2018_94.pdf,dermatovenerologiya,постановление_МЗ_2018_94.pdf,1317316,2026-05-30T13:53:07Z,2018,yes,2,adult,постановление МЗ 2018 94,A03.0|A03.2|A03.3|A27|A27.0|A27.8|A27.9|J03.0|J10.1|B55.0|B55.1|B55.2,22,index_csv,clinical,Клинический КП (есть коды МКБ)
minzdrav_protocols/endokrinologiya-narusheniya-obmena-veshchestv/1КП_Диагностика_и_лечение_пациентов_сахарным_диабетом_взр_население_пост_МЗ_21_06_2021_№85.pdf,endokrinologiya-narusheniya-obmena-veshchestv,1КП_Диагностика_и_лечение_пациентов_сахарным_диабетом_взр_население_пост_МЗ_21_06_2021_№85.pdf,296695,2026-05-30T13:53:07Z,2021,yes,1,adult,1КП Диагностика и лечение пациентов сахарным диабетом взрослое население пост. МЗ 21.06.2021 №85,E10|H36.0|G63.2|N08.3|L97.9|E14|G59|G99|E87.2|G59.0|G99.0,11,index_csv,clinical,Клинический КП (есть коды МКБ)
minzdrav_protocols/endokrinologiya-narusheniya-obmena-veshchestv/2КП_Диагностика_и_лечение_пациентов_с_заболеваниями_щитовидной_железы_взр_нас_пост_МЗ_21062021_85.pdf,endokrinologiya-narusheniya-obmena-veshchestv,2КП_Диагностика_и_лечение_пациентов_с_заболеваниями_щитовидной_железы_взр_нас_пост_МЗ_21062021_85.pdf,272535,2026-05-30T13:53:08Z,2021,yes,1,adult,2КП Диагностика и лечение пациентов с заболеваниями щитовидной железы взрослое население пост. МЗ 21062021 85,E05.1|E05.2|D34|E04.1|E04.2|D44.0|D44|E05.0|E05.3|E05.4|E05.5|E05.8,14,index_csv,clinical,Клинический КП (есть коды МКБ)
minzdrav_protocols/endokrinologiya-narusheniya-obmena-veshchestv/3КП_Диагностика_и_лечение_пациентов_с_заболеваниями_паращитовидных_желез_взр_нас_пост_МЗ_21062021_85.pdf,endokrinologiya-narusheniya-obmena-veshchestv,3КП_Диагностика_и_лечение_пациентов_с_заболеваниями_паращитовидных_желез_взр_нас_пост_МЗ_21062021_85.pdf,201581,2026-05-30T13:53:08Z,2021,yes,1,adult,3КП Диагностика и лечение пациентов с заболеваниями паращитовидных желез взрослое население пост. МЗ 21062021 85,N25.8,1,index_csv,clinical,Клинический КП (есть коды МКБ)
minzdrav_protocols/endokrinologiya-narusheniya-obmena-veshchestv/4КП_Диагностика_и_лечение_пациентов_с_эндокринными_заболеваниями_гипофиза_надпочечников_гонад_взр_нас_пост_МЗ_21062021_85.pdf,endokrinologiya-narusheniya-obmena-veshchestv,4КП_Диагностика_и_лечение_пациентов_с_эндокринными_заболеваниями_гипофиза_надпочечников_гонад_взр_нас_пост_МЗ_21062021_85.pdf,376938,2026-05-30T13:53:09Z,2021,yes,1,adult,4КП Диагностика и лечение пациентов с эндокринными заболеваниями гипофиза надпочечников гонад взрослое население пост. МЗ 21062021 85,E23.1|E89.3|D35.2|E22.0|N25.1|R63.1|E23.2|E23.7|E27.1|E27.3|E27.8|E27.9,33,index_csv,clinical,Клинический КП (есть коды МКБ)
minzdrav_protocols/endokrinologiya-narusheniya-obmena-veshchestv/5КП_Диагностика_и_лечение_пациентов_с_ожирением_взр_нас_пост_МЗ_21062021_85.pdf,endokrinologiya-narusheniya-obmena-veshchestv,5КП_Диагностика_и_лечение_пациентов_с_ожирением_взр_нас_пост_МЗ_21062021_85.pdf,188973,2026-05-30T13:53:09Z,2021,yes,1,adult,5КП Диагностика и лечение пациентов с ожирением взрослое население пост. МЗ 21062021 85,E66.0|E66.2|E66.9|E67,4,index_csv,clinical,Клинический КП (есть коды МКБ)
minzdrav_protocols/endokrinologiya-narusheniya-obmena-veshchestv/6КП_Диагностика_и_лечение_пациентов_с_остеопорозом_взр_нас_пост_МЗ_21062021_85.pdf,endokrinologiya-narusheniya-obmena-veshchestv,6КП_Диагностика_и_лечение_пациентов_с_остеопорозом_взр_нас_пост_МЗ_21062021_85.pdf,180068,2026-05-30T13:53:10Z,2021,yes,1,adult,6КП Диагностика и лечение пациентов с остеопорозом взрослое население пост. МЗ 21062021 85,M82.0|C90.0|M82.1|E00|E34|M82.8,6,index_csv,clinical,Клинический КП (есть коды МКБ)
minzdrav_protocols/endokrinologiya-narusheniya-obmena-veshchestv/КП Организация лечебного питания при белково-энергетической недостаточности» (детское население) 20.12.2017 № 109.pdf,endokrinologiya-narusheniya-obmena-veshchestv,КП Организация лечебного питания при белково-энергетической недостаточности» (детское население) 20.12.2017 № 109.pdf,284005,2026-05-30T13:53:10Z,2017,no,1,pediatric,Организация лечебного питания при белково-энергетической недостаточности (детское население) 20.12.2017 №109,E43|E44.0|E44.1|E45|E46|E64.0,6,index_csv,clinical,Клинический КП (есть коды МКБ)
minzdrav_protocols/endokrinologiya-narusheniya-obmena-veshchestv/КП диагностики и хирургического лечения пациентов с нейроишемической формой синдрома диабетической стопы 20.03.2013 № 348.pdf,endokrinologiya-narusheniya-obmena-veshchestv,КП диагностики и хирургического лечения пациентов с нейроишемической формой синдрома диабетической стопы 20.03.2013 № 348.pdf,1073721,2026-05-30T13:53:10Z,2013,no,2,any,диагностики и хирургического лечения пациентов с нейроишемической формой синдрома диабетической стопы 20.03.2013 №348,I43,1,default,clinical,Клинический КП (есть коды МКБ)
minzdrav_protocols/endokrinologiya-narusheniya-obmena-veshchestv/КП диагностики лечения и диспансерного наблюдения детского населения с заболеванием первичный врожденный гипотиреоз 07.08.2009_№781.pdf,endokrinologiya-narusheniya-obmena-veshchestv,КП диагностики лечения и диспансерного наблюдения детского населения с заболеванием первичный врожденный гипотиреоз 07.08.2009_№781.pdf,105958,2026-05-30T13:53:11Z,2009,no,2,pediatric,диагностики лечения и диспансерного наблюдения детского населения с заболеванием первичный врожденный гипотиреоз 07.08.2009 №781,B24|E03.9,2,index_csv,clinical,Клинический КП (есть коды МКБ)
minzdrav_protocols/endokrinologiya-narusheniya-obmena-veshchestv/КП диагностики лечения и диспансерного наблюдения пациентов с заболеванием фенилкетонурия 07.08.2009_№781.pdf,endokrinologiya-narusheniya-obmena-veshchestv,КП диагностики лечения и диспансерного наблюдения пациентов с заболеванием фенилкетонурия 07.08.2009_№781.pdf,99480,2026-05-30T13:53:11Z,2009,no,3,mixed,диагностики лечения и диспансерного наблюдения пациентов с заболеванием фенилкетонурия 07.08.2009 №781,E70.0,1,index_csv,clinical,Клинический КП (есть коды МКБ)
minzdrav_protocols/endokrinologiya-narusheniya-obmena-veshchestv/КП диагностики лечения и медицинской реабилитации детского населения с избыточной массой тела и ожирением 01.06.2009_№532.pdf,endokrinologiya-narusheniya-obmena-veshchestv,КП диагностики лечения и медицинской реабилитации детского населения с избыточной массой тела и ожирением 01.06.2009_№532.pdf,294030,2026-05-30T13:53:12Z,2009,no,1,pediatric,диагностики лечения и медицинской реабилитации детского населения с избыточной массой тела и ожирением 01.06.2009 №532,E24|E29.0|R63.2|R63.5|F50|F59|F50.2|F50.3|F50.4,10,index_csv,clinical,Клинический КП (есть коды МКБ)
minzdrav_protocols/endokrinologiya-narusheniya-obmena-veshchestv/КП_Диагностика_лечение_пациентов_с_эндокринологическими_заболеваниями_дет_нас_пост_МЗ_2019_90.pdf,endokrinologiya-narusheniya-obmena-veshchestv,КП_Диагностика_лечение_пациентов_с_эндокринологическими_заболеваниями_дет_нас_пост_МЗ_2019_90.pdf,1264249,2026-05-30T13:53:12Z,2019,yes,1,pediatric,Диагностика лечение пациентов с эндокринологическими заболеваниями детское население пост. МЗ 2019 90,R73.0|Q96|Q99.1|Q98.0|E01.1|N25.8,6,index_csv,clinical,Клинический КП (есть коды МКБ)
minzdrav_protocols/gastroenterologiya/КП Диагностика и лечение пациентов (детское население) с инвагинацией_18.05.2021_№50.pdf,gastroenterologiya,КП Диагностика и лечение пациентов (детское население) с инвагинацией_18.05.2021_№50.pdf,170774,2026-05-30T13:53:13Z,2021,no,2,pediatric,Диагностика и лечение пациентов (детское население) с инвагинацией 18.05.2021 №50,K65.0,1,index_csv,clinical,Клинический КП (есть коды МКБ)
minzdrav_protocols/gastroenterologiya/КП Диагностика и лечение пациентов (детское население) с острой кишечной непроходимостью_18.05.2021_№50.pdf,gastroenterologiya,КП Диагностика и лечение пациентов (детское население) с острой кишечной непроходимостью_18.05.2021_№50.pdf,179469,2026-05-30T13:53:13Z,2021,no,2,pediatric,Диагностика и лечение пациентов (детское население) с острой кишечной непроходимостью 18.05.2021 №50,K65.0,1,index_csv,clinical,Клинический КП (есть коды МКБ)
minzdrav_protocols/gastroenterologiya/КП Диагностика и лечение пациентов (детское население) с острым аппендицитом и генерализованным перитонитом_18.05.2021_№50.pdf,gastroenterologiya,КП Диагностика и лечение пациентов (детское население) с острым аппендицитом и генерализованным перитонитом_18.05.2021_№50.pdf,173206,2026-05-30T13:53:14Z,2021,no,2,pediatric,Диагностика и лечение пациентов (детское население) с острым аппендицитом и генерализованным перитонитом 18.05.2021 №50,K65.0,1,index_csv,clinical,Клинический КП (есть коды МКБ)
minzdrav_protocols/gastroenterologiya/КП Диагностика и лечение пациентов (детское население) с острым аппендицитом и отграниченным перитонитом_18.05.2021_№50.pdf,gastroenterologiya,КП Диагностика и лечение пациентов (детское население) с острым аппендицитом и отграниченным перитонитом_18.05.2021_№50.pdf,179986,2026-05-30T13:53:14Z,2021,no,2,pediatric,Диагностика и лечение пациентов (детское население) с острым аппендицитом и отграниченным перитонитом 18.05.2021 №50,K65.0,1,index_csv,clinical,Клинический КП (есть коды МКБ)
minzdrav_protocols/gastroenterologiya/КП Диагностика и лечение пациентов (детское население) с острым аппендицитом_18.05.2021_№50.pdf,gastroenterologiya,КП Диагностика и лечение пациентов (детское население) с острым аппендицитом_18.05.2021_№50.pdf,162826,2026-05-30T13:53:14Z,2021,no,2,pediatric,Диагностика и лечение пациентов (детское население) с острым аппендицитом 18.05.2021 №50,K65.0,1,index_csv,clinical,Клинический КП (есть коды МКБ)
minzdrav_protocols/gastroenterologiya/КП Диагностика и лечение пациентов (детское население) с ущемленными грыжами_18.05.2021_№50.pdf,gastroenterologiya,КП Диагностика и лечение пациентов (детское население) с ущемленными грыжами_18.05.2021_№50.pdf,168901,2026-05-30T13:53:15Z,2021,no,2,pediatric,Диагностика и лечение пациентов (детское население) с ущемленными грыжами 18.05.2021 №50,K65.0,1,index_csv,clinical,Клинический КП (есть коды МКБ)
minzdrav_protocols/gastroenterologiya/КП Диагностика и лечение пациентов детское население с инородными телами пищеварительного тракта_14.05.2021_49.pdf,gastroenterologiya,КП Диагностика и лечение пациентов детское население с инородными телами пищеварительного тракта_14.05.2021_49.pdf,159785,2026-05-30T13:53:15Z,2021,no,2,pediatric,Диагностика и лечение пациентов детское население с инородными телами пищеварительного тракта 14.05.2021 49,,0,index_csv,clinical_pending,Клинический КП (МКБ не извлечён из текста)
minzdrav_protocols/gastroenterologiya/КП диагностики и лечения детей общехирургического профиля 27.09.2005_549.pdf,gastroenterologiya,КП диагностики и лечения детей общехирургического профиля 27.09.2005_549.pdf,282603,2026-05-30T13:53:15Z,2005,no,2,pediatric,диагностики и лечения детей общехирургического профиля 27.09.2005 549,D20|D73.3|D73.4|J86|P75|Q39.0|Q39.1|Q39.2|Q40.0|Q41.0|Q41.1|Q41.2,20,index_csv,clinical,Клинический КП (есть коды МКБ)
minzdrav_protocols/gastroenterologiya/КП_Диагностика_и_лечение_дет_население_с_язвенным_колитом_пост_МЗ_2024_66.pdf,gastroenterologiya,КП_Диагностика_и_лечение_дет_население_с_язвенным_колитом_пост_МЗ_2024_66.pdf,222314,2026-05-30T13:53:16Z,2024,yes,1,pediatric,Диагностика и лечение дет население с язвенным колитом пост. МЗ 2024 66,K51|K51.0|K51.2|K51.3|K51.5|K51.9,6,index_csv,clinical,Клинический КП (есть коды МКБ)
minzdrav_protocols/gastroenterologiya/КП_Диагностика_и_лечение_пациентов_дет_нас_с_гастродуоденальной_язвой_пост_МЗ_05.03.2024_46.pdf,gastroenterologiya,КП_Диагностика_и_лечение_пациентов_дет_нас_с_гастродуоденальной_язвой_пост_МЗ_05.03.2024_46.pdf,185890,2026-05-30T13:53:16Z,2024,yes,1,pediatric,Диагностика и лечение пациентов детское население с гастродуоденальной язвой пост. МЗ 05.03.2024 46,K25|K26|K27|K28,4,index_csv,clinical,Клинический КП (есть коды МКБ)
minzdrav_protocols/gastroenterologiya/КП_Диагностика_и_лечение_пациентов_дет_нас_с_хроническим_гастритом_пост_МЗ _05.03.2024_46.pdf,gastroenterologiya,КП_Диагностика_и_лечение_пациентов_дет_нас_с_хроническим_гастритом_пост_МЗ _05.03.2024_46.pdf,178330,2026-05-30T13:53:17Z,2024,yes,1,pediatric,Диагностика и лечение пациентов детское население с хроническим гастритом пост. МЗ 05.03.2024 46,K29.3|K29.4|K29.5|K29.6|K29.7|K29.8|K29.9,7,index_csv,clinical,Клинический КП (есть коды МКБ)
minzdrav_protocols/gastroenterologiya/КП_Диагностика_и_лечение_пациентов_детс_нас_с_гастроэзофагеальной_рефлюксной_болезнью_ пост_МЗ_29.04.2023_64.pdf,gastroenterologiya,КП_Диагностика_и_лечение_пациентов_детс_нас_с_гастроэзофагеальной_рефлюксной_болезнью_ пост_МЗ_29.04.2023_64.pdf,208966,2026-05-30T13:53:17Z,2023,yes,1,pediatric,Диагностика и лечение пациентов детское население с гастроэзофагеальной рефлюксной болезнью пост. МЗ 29.04.2023 64,K21.9,1,index_csv,clinical,Клинический КП (есть коды МКБ)
minzdrav_protocols/gastroenterologiya/КП_Диагностика_и_лечение_пациентов_детс_нас_с_моторно-_эвакуаторными_нарушениями_акта_дефекации_пост_МЗ _14.02.2024_33.pdf,gastroenterologiya,КП_Диагностика_и_лечение_пациентов_детс_нас_с_моторно-_эвакуаторными_нарушениями_акта_дефекации_пост_МЗ _14.02.2024_33.pdf,175744,2026-05-30T13:53:17Z,2024,yes,2,pediatric,Диагностика и лечение пациентов детское население с моторно- эвакуаторными нарушениями акта дефекации пост. МЗ 14.02.2024 33,F98.1|K59.0|Q42.0|Q42.1|Q42.2|Q42.3|Q43.1|Q43.5|Q43.6|Q43.7,10,index_csv,clinical,Клинический КП (есть коды МКБ)
minzdrav_protocols/gastroenterologiya/КП_Диагностика_лечение_дет_население_с_болезнью_Крона_пост_МЗ_2024_66.pdf,gastroenterologiya,КП_Диагностика_лечение_дет_население_с_болезнью_Крона_пост_МЗ_2024_66.pdf,234239,2026-05-30T13:53:18Z,2024,yes,1,pediatric,Диагностика лечение дет население с болезнью Крона пост. МЗ 2024 66,K50|K50.0|K50.1|K50.8|K50.9,5,index_csv,clinical,Клинический КП (есть коды МКБ)
minzdrav_protocols/gastroenterologiya/КП_Диагностика_лечение_пациентов_вз_нас_заболеваниями_желчного_пузыря_желчевыводящих_путей_поджелудочной_железы_пост_МЗ_2025_185.pdf,gastroenterologiya,КП_Диагностика_лечение_пациентов_вз_нас_заболеваниями_желчного_пузыря_желчевыводящих_путей_поджелудочной_железы_пост_МЗ_2025_185.pdf,239399,2026-05-30T13:53:18Z,2025,yes,1,adult,Диагностика лечение пациентов вз нас заболеваниями желчного пузыря желчевыводящих путей поджелудочной железы пост. МЗ 2025 185,K82.8|K83.4|K86.0|K86.1,4,index_csv,clinical,Клинический КП (есть коды МКБ)
minzdrav_protocols/gastroenterologiya/КП_Диагностика_лечение_пациентов_вз_нас_заболеваниями_кишечника_пост_МЗ_2025_185.pdf,gastroenterologiya,КП_Диагностика_лечение_пациентов_вз_нас_заболеваниями_кишечника_пост_МЗ_2025_185.pdf,437341,2026-05-30T13:53:19Z,2025,yes,1,adult,Диагностика лечение пациентов вз нас заболеваниями кишечника пост. МЗ 2025 185,K51|K50|K52.8|K57|I77.4|K90.0|K58|P53,8,index_csv,clinical,Клинический КП (есть коды МКБ)
minzdrav_protocols/gastroenterologiya/КП_Диагностика_лечение_пациентов_вз_нас_заболеваниями_печени_пост_МЗ_2025_185.pdf,gastroenterologiya,КП_Диагностика_лечение_пациентов_вз_нас_заболеваниями_печени_пост_МЗ_2025_185.pdf,458979,2026-05-30T13:53:19Z,2025,yes,1,adult,Диагностика лечение пациентов вз нас заболеваниями печени пост. МЗ 2025 185,K76.0|B18|K70.1|K73|K71|K71.3|B88,7,index_csv,clinical,Клинический КП (есть коды МКБ)
minzdrav_protocols/gastroenterologiya/КП_Диагностика_лечение_пациентов_вз_нас_заболеваниями_пищевода_желудка_двенадцатиперстной_кишки_пост_МЗ_2025_185.pdf,gastroenterologiya,КП_Диагностика_лечение_пациентов_вз_нас_заболеваниями_пищевода_желудка_двенадцатиперстной_кишки_пост_МЗ_2025_185.pdf,449784,2026-05-30T13:53:20Z,2025,yes,1,adult,Диагностика лечение пациентов вз нас заболеваниями пищевода желудка двенадцатиперстной кишки пост. МЗ 2025 185,Y40|Y41|Y42|Y43|Y44|Y45|K29.5|K25.0|Y45.3|Y45.1,10,index_csv,clinical,Клинический КП (есть коды МКБ)
minzdrav_protocols/gastroenterologiya/КП_Диагностика_лечение_пациентов_взр_нас_с_острой_кишечной_непроходимостью_в_стац_условиях_пост_МЗ_2023_182.pdf,gastroenterologiya,КП_Диагностика_лечение_пациентов_взр_нас_с_острой_кишечной_непроходимостью_в_стац_условиях_пост_МЗ_2023_182.pdf,194391,2026-05-30T13:53:20Z,2023,yes,3,adult,Диагностика лечение пациентов взрослое население с острой кишечной непроходимостью в стационарных условияхиях пост. МЗ 2023 182,,0,index_csv,clinical_pending,Клинический КП (МКБ не извлечён из текста)
minzdrav_protocols/gastroenterologiya/КП_Диагностика_лечение_пациентов_взр_нас_с_острым_аппендицитом_в_стац_условиях_пост_МЗ_2023_182.pdf,gastroenterologiya,КП_Диагностика_лечение_пациентов_взр_нас_с_острым_аппендицитом_в_стац_условиях_пост_МЗ_2023_182.pdf,176734,2026-05-30T13:53:20Z,2023,yes,3,adult,Диагностика лечение пациентов взрослое население с острым аппендицитом в стационарных условияхиях пост. МЗ 2023 182,,0,index_csv,clinical_pending,Клинический КП (МКБ не извлечён из текста)
minzdrav_protocols/gastroenterologiya/КП_Диагностика_лечение_пациентов_взр_нас_с_острым_панкреатитом_в_стац_условиях_пост_МЗ_2023_182.pdf,gastroenterologiya,КП_Диагностика_лечение_пациентов_взр_нас_с_острым_панкреатитом_в_стац_условиях_пост_МЗ_2023_182.pdf,192282,2026-05-30T13:53:21Z,2023,yes,3,adult,Диагностика лечение пациентов взрослое население с острым панкреатитом в стационарных условияхиях пост. МЗ 2023 182,K86.1,1,index_csv,clinical,Клинический КП (есть коды МКБ)
minzdrav_protocols/gastroenterologiya/КП_Диагностика_лечение_пациентов_взр_нас_с_острым_холециститом_в_стац_условиях_пост_МЗ_2023_182.pdf,gastroenterologiya,КП_Диагностика_лечение_пациентов_взр_нас_с_острым_холециститом_в_стац_условиях_пост_МЗ_2023_182.pdf,183211,2026-05-30T13:53:21Z,2023,yes,3,adult,Диагностика лечение пациентов взрослое население с острым холециститом в стационарных условияхиях пост. МЗ 2023 182,K81.9|N30.0,2,index_csv,clinical,Клинический КП (есть коды МКБ)
minzdrav_protocols/gastroenterologiya/КП_Диагностика_лечение_пациентов_взр_нас_с_острыми_гастродуоденальными_кровотечениями_в_стац_условиях_пост_МЗ_2023_182.pdf,gastroenterologiya,КП_Диагностика_лечение_пациентов_взр_нас_с_острыми_гастродуоденальными_кровотечениями_в_стац_условиях_пост_МЗ_2023_182.pdf,172848,2026-05-30T13:53:22Z,2023,yes,3,adult,Диагностика лечение пациентов взрослое население с острыми гастродуоденальными кровотечениями в стационарных условияхиях пост. МЗ 2023 182,I85.0|I86.4|K27.0|K27.4|K28.0|K28.4|S20|S29,9,index_csv,clinical,Клинический КП (есть коды МКБ)
minzdrav_protocols/gastroenterologiya/КП_Диагностика_лечение_пациентов_взр_нас_с_перфоративной_гастродуоденальной_язвой_в_стац_условиях_пост_МЗ_2023_182.pdf,gastroenterologiya,КП_Диагностика_лечение_пациентов_взр_нас_с_перфоративной_гастродуоденальной_язвой_в_стац_условиях_пост_МЗ_2023_182.pdf,172518,2026-05-30T13:53:22Z,2023,yes,3,adult,Диагностика лечение пациентов взрослое население с перфоративной гастродуоденальной язвой в стационарных условияхиях пост. МЗ 2023 182,K25.1|K25.2|K25.5|K25.6|K26.1|K26.2|K26.5|K26.6|K27.1|K27.2|K27.5|K27.6,16,index_csv,clinical,Клинический КП (есть коды МКБ)
minzdrav_protocols/gastroenterologiya/КП_Диагностика_лечение_пациентов_взр_нас_с_травмой_живота_в_стац_условиях_пост_МЗ_2023_182.pdf,gastroenterologiya,КП_Диагностика_лечение_пациентов_взр_нас_с_травмой_живота_в_стац_условиях_пост_МЗ_2023_182.pdf,186153,2026-05-30T13:53:22Z,2023,yes,3,adult,Диагностика лечение пациентов взрослое население с травмой живота в стационарных условияхиях пост. МЗ 2023 182,S30.1|S30.7|S30.8|S30.9|S31.1|S31.7|S31.8|S36|S37.0|S37.1|S37.2|S39,12,index_csv,clinical,Клинический КП (есть коды МКБ)
minzdrav_protocols/gastroenterologiya/КП_Диагностика_лечение_пациентов_взрос_с_доброкач_забол_прямой_кишки_параректальной_и_копчиковой_области_амбул_пост_МЗ_01.04.2022_№22.pdf,gastroenterologiya,КП_Диагностика_лечение_пациентов_взрос_с_доброкач_забол_прямой_кишки_параректальной_и_копчиковой_области_амбул_пост_МЗ_01.04.2022_№22.pdf,204428,2026-05-30T13:53:23Z,2022,yes,5,adult,Диагностика лечение пациентов взрос с доброкач забол прямой кишки параректальной и копчиковой области амбулаторных пост. МЗ 01.04.2022 №22,D12|D12.8|D12.9|K60.4|K60.5|K61.1|K61.2|L05|L05.0|L05.9|L29|L29.0,13,index_csv,clinical,Клинический КП (есть коды МКБ)
minzdrav_protocols/gastroenterologiya/КП_Диагностика_лечение_пациентов_детс_нас_с_целиакией_амбул_стац_пост_МЗ_29.02.2024_38.pdf,gastroenterologiya,КП_Диагностика_лечение_пациентов_детс_нас_с_целиакией_амбул_стац_пост_МЗ_29.02.2024_38.pdf,202687,2026-05-30T13:53:23Z,2024,yes,1,pediatric,Диагностика лечение пациентов детское население с целиакией амбулаторных стац пост. МЗ 29.02.2024 38,K90.0,1,index_csv,clinical,Клинический КП (есть коды МКБ)
minzdrav_protocols/gastroenterologiya/пост._МЗ_РБ_от_25.04.2026_№32_КП_ЗНО_гепатобилиарной_системы_(взрослые)_офиц.pdf,gastroenterologiya,пост._МЗ_РБ_от_25.04.2026_№32_КП_ЗНО_гепатобилиарной_системы_(взрослые)_офиц.pdf,540168,2026-05-30T13:53:24Z,2026,no,2,adult,пост. МЗ РБ от 25.04.2026 №32 КП ЗНО гепатобилиарной системы (взрослые) офиц,,0,index_csv,clinical_pending,Клинический КП (МКБ не извлечён из текста)
minzdrav_protocols/gematologiya/КП Диагностика и лечение пациентов с идиопатической тромбоцитопенической пурпурой 01.06.2017 № 53.pdf,gematologiya,КП Диагностика и лечение пациентов с идиопатической тромбоцитопенической пурпурой 01.06.2017 № 53.pdf,257482,2026-05-30T13:53:24Z,2017,no,1,any,Диагностика и лечение пациентов с идиопатической тромбоцитопенической пурпурой 01.06.2017 №53,D69.3,1,default,clinical,Клинический КП (есть коды МКБ)
minzdrav_protocols/gematologiya/КП Профилактика геморрагической болезни у новорожденных детей 02.04.2020 № 28.pdf,gematologiya,КП Профилактика геморрагической болезни у новорожденных детей 02.04.2020 № 28.pdf,222220,2026-05-30T13:53:24Z,2020,no,3,pediatric,Профилактика геморрагической болезни у новорожденных детей 02.04.2020 №28,P53,1,index_csv,clinical,Клинический КП (есть коды МКБ)
minzdrav_protocols/gematologiya/КП диагностики и лечения больных с патологией системы кроветворения 274.pdf,gematologiya,КП диагностики и лечения больных с патологией системы кроветворения 274.pdf,244507,2026-05-30T13:53:25Z,,no,2,any,диагностики и лечения больных с патологией системы кроветворения 274,D47.1|D50.0|D50.1|D51|D52|D53|D58.0|D59.0|D61.1|D61.2|D61.3|D68,27,default,clinical,Клинический КП (есть коды МКБ)
minzdrav_protocols/gematologiya/КП диагностики и лечения пациентов с диссеминированным внутрисосудистым свертыванием крови_31.05.2012 № 662.pdf,gematologiya,КП диагностики и лечения пациентов с диссеминированным внутрисосудистым свертыванием крови_31.05.2012 № 662.pdf,1163689,2026-05-30T13:53:25Z,2012,no,1,any,диагностики и лечения пациентов с диссеминированным внутрисосудистым свертыванием крови 31.05.2012 №662,D65,1,default,clinical,Клинический КП (есть коды МКБ)
minzdrav_protocols/gematologiya/КП диагностики и лечения пациентов с нарушениями свертываемости крови в случае получения антикоагулянтной терапии 31.05.2012 № 662.pdf,gematologiya,КП диагностики и лечения пациентов с нарушениями свертываемости крови в случае получения антикоагулянтной терапии 31.05.2012 № 662.pdf,543460,2026-05-30T13:53:26Z,2012,no,1,any,диагностики и лечения пациентов с нарушениями свертываемости крови в случае получения антикоагулянтной терапии 31.05.2012 №662,D68.8,1,default,clinical,Клинический КП (есть коды МКБ)
minzdrav_protocols/gematologiya/КП диагностики и лечения пациентов с хроническим миелолейкозом_31.05.2012 № 662.pdf,gematologiya,КП диагностики и лечения пациентов с хроническим миелолейкозом_31.05.2012 № 662.pdf,548165,2026-05-30T13:53:26Z,2012,no,2,any,диагностики и лечения пациентов с хроническим миелолейкозом 31.05.2012 №662,C92.1,1,default,clinical,Клинический КП (есть коды МКБ)
minzdrav_protocols/gematologiya/КП лечения пациентов множественной миеломой с помощью высокодозной химиотерапии_31.05.2012 № 662.pdf,gematologiya,КП лечения пациентов множественной миеломой с помощью высокодозной химиотерапии_31.05.2012 № 662.pdf,498538,2026-05-30T13:53:26Z,2012,no,3,any,лечения пациентов множественной миеломой с помощью высокодозной химиотерапии 31.05.2012 №662,C90.0,1,default,clinical,Клинический КП (есть коды МКБ)
minzdrav_protocols/gematologiya/КП_Диагностика_и_лечение_детей_с_онкологическими_и_гематологическими_заболеваниями_пост_МЗ_РБ_05.12.2022_113.pdf,gematologiya,КП_Диагностика_и_лечение_детей_с_онкологическими_и_гематологическими_заболеваниями_пост_МЗ_РБ_05.12.2022_113.pdf,1380439,2026-05-30T13:53:27Z,2022,yes,3,pediatric,Диагностика и лечение детей с онкологическими и гематологическими заболеваниями пост. МЗ РБ 05.12.2022 113,Q22|P13|D69.3|D61.0|D61|Z94.8|Q31|Q32|Q23|Q21|P21|Q36,25,index_csv,clinical,Клинический КП (есть коды МКБ)
minzdrav_protocols/gematologiya/КП_Диагностика_и_лечение_пациентов_(взрослое_население)_с_витамин-В12-дефицитной_анемией_пост_МЗ_01_04_2022_№23.pdf,gematologiya,КП_Диагностика_и_лечение_пациентов_(взрослое_население)_с_витамин-В12-дефицитной_анемией_пост_МЗ_01_04_2022_№23.pdf,130497,2026-05-30T13:53:28Z,2022,yes,1,adult,Диагностика и лечение пациентов (взрослое население) с витамин-В12-дефицитной анемией пост. МЗ 01.04.2022 №23,D51,1,index_csv,clinical,Клинический КП (есть коды МКБ)
minzdrav_protocols/gematologiya/КП_Диагностика_и_лечение_пациентов_(взрослое_население)_с_железодефицитной_анемией_пост_МЗ_01_04_2022_№23.pdf,gematologiya,КП_Диагностика_и_лечение_пациентов_(взрослое_население)_с_железодефицитной_анемией_пост_МЗ_01_04_2022_№23.pdf,134959,2026-05-30T13:53:28Z,2022,yes,1,adult,Диагностика и лечение пациентов (взрослое население) с железодефицитной анемией пост. МЗ 01.04.2022 №23,D50,1,index_csv,clinical,Клинический КП (есть коды МКБ)
minzdrav_protocols/gematologiya/КП_Диагностика_и_лечение_пациентов_(взрослое_население)_с_фолиеводефицитной_анемией_пост_МЗ_01_04_2022_№23.pdf,gematologiya,КП_Диагностика_и_лечение_пациентов_(взрослое_население)_с_фолиеводефицитной_анемией_пост_МЗ_01_04_2022_№23.pdf,126750,2026-05-30T13:53:28Z,2022,yes,1,adult,Диагностика и лечение пациентов (взрослое население) с фолиеводефицитной анемией пост. МЗ 01.04.2022 №23,D52,1,index_csv,clinical,Клинический КП (есть коды МКБ)
minzdrav_protocols/gematologiya/КП_Диагностика_и_лечение_пациентов_взр_нас_с_миелодиспластическими_синдромами_пост_МЗ_05.032024_45.pdf,gematologiya,КП_Диагностика_и_лечение_пациентов_взр_нас_с_миелодиспластическими_синдромами_пост_МЗ_05.032024_45.pdf,1461324,2026-05-30T13:53:29Z,2024,yes,2,adult,Диагностика и лечение пациентов взрослое население с миелодиспластическими синдромами пост. МЗ 05.032024 45,D46|Q13,2,index_csv,clinical,Клинический КП (есть коды МКБ)
minzdrav_protocols/gematologiya/КП_Диагностика_и_лечение_пациентов_с_первичными_иммунодефицитами_(взрос_население)»_пост_МЗ_РБ_11.10.2022_102).pdf,gematologiya,КП_Диагностика_и_лечение_пациентов_с_первичными_иммунодефицитами_(взрос_население)»_пост_МЗ_РБ_11.10.2022_102).pdf,568581,2026-05-30T13:53:29Z,2022,yes,3,adult,Диагностика и лечение пациентов с первичными иммунодефицитами (взрос население) пост. МЗ РБ 11.10.2022 102),D82.8|D80|D82.4|D76.1|D82.0|D69.4|D76.3|D72.8|D80.0|D76|D89.8|D84.8,49,index_csv,clinical,Клинический КП (есть коды МКБ)
minzdrav_protocols/gematologiya/КП_Диагностика_лечение_анемии_недоношенных_пост_МЗ_04.06.2024_97.pdf,gematologiya,КП_Диагностика_лечение_анемии_недоношенных_пост_МЗ_04.06.2024_97.pdf,197402,2026-05-30T13:53:30Z,2024,yes,2,mixed,Диагностика лечение анемии недоношенных пост. МЗ 04.06.2024 97,P07.3,1,index_csv,clinical,Клинический КП (есть коды МКБ)
minzdrav_protocols/gematologiya/КП_Диагностика_лечение_гемолитико-уремического_синдрома_д-нас_пост_МЗ_2024_180.pdf,gematologiya,КП_Диагностика_лечение_гемолитико-уремического_синдрома_д-нас_пост_МЗ_2024_180.pdf,486994,2026-05-30T13:53:30Z,2024,yes,2,pediatric,Диагностика лечение гемолитико-уремического синдрома детское население пост. МЗ 2024 180,D59.3,1,index_csv,clinical,Клинический КП (есть коды МКБ)
minzdrav_protocols/gematologiya/КП_Диагностика_лечение_пациентов_с_первичными_иммунодефицитами_детс_нас_пост_МЗ_2024_98.pdf,gematologiya,КП_Диагностика_лечение_пациентов_с_первичными_иммунодефицитами_детс_нас_пост_МЗ_2024_98.pdf,815343,2026-05-30T13:53:31Z,2024,yes,3,pediatric,Диагностика лечение пациентов с первичными иммунодефицитами детское население пост. МЗ 2024 98,D82.8|D89.8|D80.5|D84.8|D80.0|D80.1|D81.0|D81.1|D81.3|D81.6|D81.7|D81.8,49,index_csv,clinical,Клинический КП (есть коды МКБ)
minzdrav_protocols/gematologiya/КП_Диагностика_лечение_пациентов_старше_18_лет_вновь_диагностированным_острым_миелоидным_лейкозом_пост_МЗ_2025_123.pdf,gematologiya,КП_Диагностика_лечение_пациентов_старше_18_лет_вновь_диагностированным_острым_миелоидным_лейкозом_пост_МЗ_2025_123.pdf,375790,2026-05-30T13:53:31Z,2025,yes,2,any,Диагностика лечение пациентов старше 18 лет вновь диагностированным острым миелоидным лейкозом пост. МЗ 2025 123,Q22|P13|P13.1|Q23.3|Q11.2|Q21|Q26.2|Q22.1|P21.3|P23.3|Q34.1|P11.2,21,default,clinical,Клинический КП (есть коды МКБ)
minzdrav_protocols/gematologiya/КП_Медицинская_реабилитация_детей_с_онкологическими_и_онкогематологическими_заболеваниями_пост_МЗ_2017_52.pdf,gematologiya,КП_Медицинская_реабилитация_детей_с_онкологическими_и_онкогематологическими_заболеваниями_пост_МЗ_2017_52.pdf,247350,2026-05-30T13:53:32Z,2017,yes,2,pediatric,Медицинская реабилитация детей с онкологическими и онкогематологическими заболеваниями пост. МЗ 2017 52,D33|D35.2,2,index_csv,clinical,Клинический КП (есть коды МКБ)
minzdrav_protocols/gematologiya/КП_Оказание_медицинской_помощи_пациентам_взр_и_детс_население_с_антифосфолипидным_синдромом_пост_МЗ_09.03.2023_40.pdf,gematologiya,КП_Оказание_медицинской_помощи_пациентам_взр_и_детс_население_с_антифосфолипидным_синдромом_пост_МЗ_09.03.2023_40.pdf,222590,2026-05-30T13:53:32Z,2023,yes,2,mixed,Оказание медицинской помощи пациентам взр и детс население с антифосфолипидным синдромом пост. МЗ 09.03.2023 40,D68.6,1,index_csv,clinical,Клинический КП (есть коды МКБ)
minzdrav_protocols/gematologiya/КП_Оказание_медпомощи_пациентам_взр_дет_население_с_болезнью_Виллебранда_пост_МЗ_29.07.2022_80.pdf,gematologiya,КП_Оказание_медпомощи_пациентам_взр_дет_население_с_болезнью_Виллебранда_пост_МЗ_29.07.2022_80.pdf,262226,2026-05-30T13:53:32Z,2022,yes,1,mixed,Оказание медпомощи пациентам взр дет население с болезнью Виллебранда пост. МЗ 29.07.2022 80,D68.0,1,index_csv,clinical,Клинический КП (есть коды МКБ)
minzdrav_protocols/gematologiya/КП_Оказание_медпомощи_пациентам_взр_дет_население_с_гемофилией_А_и_В_пост_МЗ_29.07.2022_80.pdf,gematologiya,КП_Оказание_медпомощи_пациентам_взр_дет_население_с_гемофилией_А_и_В_пост_МЗ_29.07.2022_80.pdf,259739,2026-05-30T13:53:33Z,2022,yes,1,mixed,Оказание медпомощи пациентам взр дет население с гемофилией А и В пост. МЗ 29.07.2022 80,D66|D67,2,index_csv,clinical,Клинический КП (есть коды МКБ)
minzdrav_protocols/gematologiya/КП_Трансплантация_гемопоэтических_стволовых_клеток_пациентам_дет-нас_с_первичными_иммунодефицитами»_пост_МЗ_2025_151.pdf,gematologiya,КП_Трансплантация_гемопоэтических_стволовых_клеток_пациентам_дет-нас_с_первичными_иммунодефицитами»_пост_МЗ_2025_151.pdf,342377,2026-05-30T13:53:33Z,2025,yes,5,pediatric,Трансплантация гемопоэтических стволовых клеток пациентам детское население с первичными иммунодефицитами пост. МЗ 2025 151,B19,2,index_csv,clinical,Клинический КП (есть коды МКБ)
minzdrav_protocols/gematologiya/Протоколы медицинской реабилитации пациентов с гемофилией А и В взрослые 31.05.2012 № 662.pdf,gematologiya,Протоколы медицинской реабилитации пациентов с гемофилией А и В взрослые 31.05.2012 № 662.pdf,4550157,2026-05-30T13:53:34Z,2012,no,1,adult,Протоколы медицинской реабилитации пациентов с гемофилией А и В взрослые 31.05.2012 №662,D66,1,index_csv,clinical,Клинический КП (есть коды МКБ)
minzdrav_protocols/infektsionnye-zabolevaniya/КП Диагностика и лечение пациентов (взрослое население) с хроническими вирусными гепатитами B и С 19.03.2019 №19.pdf,infektsionnye-zabolevaniya,КП Диагностика и лечение пациентов (взрослое население) с хроническими вирусными гепатитами B и С 19.03.2019 №19.pdf,498686,2026-05-30T13:53:35Z,2019,no,1,adult,Диагностика и лечение пациентов (взрослое население) с хроническими вирусными гепатитами B и С 19.03.2019 №19,B18.0|B18.1|B18.2,4,index_csv,clinical,Клинический КП (есть коды МКБ)
minzdrav_protocols/infektsionnye-zabolevaniya/КП Поддержка сексуального и репродуктивного здоровья людей живущих с ВИЧ 27.12.2010 №1369.pdf,infektsionnye-zabolevaniya,КП Поддержка сексуального и репродуктивного здоровья людей живущих с ВИЧ 27.12.2010 №1369.pdf,3503294,2026-05-30T13:53:35Z,2010,no,2,any,Поддержка сексуального и репродуктивного здоровья людей живущих с ВИЧ 27.12.2010 №1369,B24,1,default,clinical,Клинический КП (есть коды МКБ)
minzdrav_protocols/infektsionnye-zabolevaniya/КП Профилактика передачи ВИЧ-инфекции от матери ребенку 28.06.2018_59.pdf,infektsionnye-zabolevaniya,КП Профилактика передачи ВИЧ-инфекции от матери ребенку 28.06.2018_59.pdf,390159,2026-05-30T13:53:36Z,2018,no,2,pediatric,Профилактика передачи ВИЧ-инфекции от матери ребенку 28.06.2018 59,Z32.1|R75|Z21|B20|B24|Z20.6|Z11.4|Z39|Z71.7|Z20.5|Z38,11,index_csv,clinical,Клинический КП (есть коды МКБ)
minzdrav_protocols/infektsionnye-zabolevaniya/КП Ранняя диагностика и интенсивная терапия острого респираторного дистресс-синдрома 01.06.2017 № 48.pdf,infektsionnye-zabolevaniya,КП Ранняя диагностика и интенсивная терапия острого респираторного дистресс-синдрома 01.06.2017 № 48.pdf,283829,2026-05-30T13:53:36Z,2017,no,4,mixed,Ранняя диагностика и интенсивная терапия острого респираторного дистресс-синдрома 01.06.2017 №48,J80,1,index_csv,clinical,Клинический КП (есть коды МКБ)
minzdrav_protocols/infektsionnye-zabolevaniya/КП диагностики и лечения пациентов с инфекциями передаваемыми половым путем 29.10.2009_№1020.pdf,infektsionnye-zabolevaniya,КП диагностики и лечения пациентов с инфекциями передаваемыми половым путем 29.10.2009_№1020.pdf,542049,2026-05-30T13:53:37Z,2009,no,2,pediatric,диагностики и лечения пациентов с инфекциями передаваемыми половым путем 29.10.2009 №1020,Z29.2|N89.8|Z11.3|Z20.2,4,index_csv,clinical,Клинический КП (есть коды МКБ)
minzdrav_protocols/infektsionnye-zabolevaniya/КП_Диагностика_и_лечение_пациентов_с_туберкулезом_взр_и_детс_население_пост_МЗ_16.12.2022_118.pdf,infektsionnye-zabolevaniya,КП_Диагностика_и_лечение_пациентов_с_туберкулезом_взр_и_детс_население_пост_МЗ_16.12.2022_118.pdf,1538346,2026-05-30T13:53:38Z,2022,yes,2,mixed,Диагностика и лечение пациентов с туберкулезом взр и детс население пост. МЗ 16.12.2022 118,N74.1|N74.0|N51|N29.1|A15|A16|B90|J65|R76.1|Y58|Z03.0|Z11.1,23,index_csv,clinical,Клинический КП (есть коды МКБ)
minzdrav_protocols/infektsionnye-zabolevaniya/КП_Диагностика_лечение_атипичных_пневмоний_детей_пост_МЗ_29.04.2023_65.pdf,infektsionnye-zabolevaniya,КП_Диагностика_лечение_атипичных_пневмоний_детей_пост_МЗ_29.04.2023_65.pdf,185862,2026-05-30T13:53:38Z,2023,yes,2,pediatric,Диагностика лечение атипичных пневмоний детей пост. МЗ 29.04.2023 65,J15.7|J16.0|A48.1,3,index_csv,clinical,Клинический КП (есть коды МКБ)
minzdrav_protocols/infektsionnye-zabolevaniya/КП_Диагностика_лечение_коклюша_дет_нас_пост_МЗ_08.12.2023_192.pdf,infektsionnye-zabolevaniya,КП_Диагностика_лечение_коклюша_дет_нас_пост_МЗ_08.12.2023_192.pdf,169363,2026-05-30T13:53:38Z,2023,yes,1,pediatric,Диагностика лечение коклюша детское население пост. МЗ 08.12.2023 192,A37|A37.0|A37.1,3,index_csv,clinical,Клинический КП (есть коды МКБ)
minzdrav_protocols/infektsionnye-zabolevaniya/КП_Диагностика_лечение_острых_респираторных_вирусных_инфекций_дет_нас_пост_МЗ_08.12.2023_192.pdf,infektsionnye-zabolevaniya,КП_Диагностика_лечение_острых_респираторных_вирусных_инфекций_дет_нас_пост_МЗ_08.12.2023_192.pdf,197273,2026-05-30T13:53:39Z,2023,yes,1,pediatric,Диагностика лечение острых респираторных вирусных инфекций детское население пост. МЗ 08.12.2023 192,J00|J04.2|J09,3,index_csv,clinical,Клинический КП (есть коды МКБ)
minzdrav_protocols/infektsionnye-zabolevaniya/КП_Диагностика_лечение_острых_риносинуситов_вз_н_пост_МЗ_2024_175.pdf,infektsionnye-zabolevaniya,КП_Диагностика_лечение_острых_риносинуситов_вз_н_пост_МЗ_2024_175.pdf,171009,2026-05-30T13:53:39Z,2024,yes,2,adult,Диагностика лечение острых риносинуситов вз н пост. МЗ 2024 175,J00|J01,2,index_csv,clinical,Клинический КП (есть коды МКБ)
minzdrav_protocols/infektsionnye-zabolevaniya/КП_Диагностика_лечение_пациентов_взрос_с_доброкач_забол_прямой_кишки_параректальной_и_копчиковой_области_амбул_пост_МЗ_01.04.2022_№22.pdf,infektsionnye-zabolevaniya,КП_Диагностика_лечение_пациентов_взрос_с_доброкач_забол_прямой_кишки_параректальной_и_копчиковой_области_амбул_пост_МЗ_01.04.2022_№22.pdf,204428,2026-05-30T13:53:39Z,2022,yes,5,adult,Диагностика лечение пациентов взрос с доброкач забол прямой кишки параректальной и копчиковой области амбулаторных пост. МЗ 01.04.2022 №22,D12|D12.8|D12.9|K60.4|K60.5|K61.1|K61.2|L05|L05.0|L05.9|L29|L29.0,13,index_csv,clinical,Клинический КП (есть коды МКБ)
minzdrav_protocols/infektsionnye-zabolevaniya/КП_Диагностика_лечение_пациентов_с_сифилитической_инфекцией_пост_МЗ_2019_96.pdf,infektsionnye-zabolevaniya,КП_Диагностика_лечение_пациентов_с_сифилитической_инфекцией_пост_МЗ_2019_96.pdf,443162,2026-05-30T13:53:40Z,2019,yes,2,pediatric,Диагностика лечение пациентов с сифилитической инфекцией пост. МЗ 2019 96,G01|G05.0|G63.0|L99.8|N74.2|A50.9|A51.9|I98|I98.0|I79.0|I39.1|I79.1,20,index_csv,clinical,Клинический КП (есть коды МКБ)
minzdrav_protocols/infektsionnye-zabolevaniya/КП_Диагностика_лечение_эпиглоттита_дет_нас_пост_МЗ_08.12.2023_192.pdf,infektsionnye-zabolevaniya,КП_Диагностика_лечение_эпиглоттита_дет_нас_пост_МЗ_08.12.2023_192.pdf,159744,2026-05-30T13:53:40Z,2023,yes,1,pediatric,Диагностика лечение эпиглоттита детское население пост. МЗ 08.12.2023 192,J05.1,1,index_csv,clinical,Клинический КП (есть коды МКБ)
minzdrav_protocols/infektsionnye-zabolevaniya/КП_Оказание_медпомощи_пациентам_с_ВИЧ-инфекцией_пост_МЗ_25.07.2022_73.pdf,infektsionnye-zabolevaniya,КП_Оказание_медпомощи_пациентам_с_ВИЧ-инфекцией_пост_МЗ_25.07.2022_73.pdf,783656,2026-05-30T13:53:41Z,2022,yes,1,mixed,Оказание медпомощи пациентам с ВИЧ-инфекцией пост. МЗ 25.07.2022 73,B20.8|B20.6|R19|R31|R35|B42|J10|J11|R70|R73|R78|C86,27,index_csv,clinical,Клинический КП (есть коды МКБ)
minzdrav_protocols/infektsionnye-zabolevaniya/КП_Трансплантация_гемопоэтических_стволовых_клеток_пациентам_дет-нас_с_первичными_иммунодефицитами»_пост_МЗ_2025_151.pdf,infektsionnye-zabolevaniya,КП_Трансплантация_гемопоэтических_стволовых_клеток_пациентам_дет-нас_с_первичными_иммунодефицитами»_пост_МЗ_2025_151.pdf,342377,2026-05-30T13:53:41Z,2025,yes,5,pediatric,Трансплантация гемопоэтических стволовых клеток пациентам детское население с первичными иммунодефицитами пост. МЗ 2025 151,B19,2,index_csv,clinical,Клинический КП (есть коды МКБ)
minzdrav_protocols/infektsionnye-zabolevaniya/постановление_МЗ_2018_94.pdf,infektsionnye-zabolevaniya,постановление_МЗ_2018_94.pdf,1317316,2026-05-30T13:53:42Z,2018,yes,2,adult,постановление МЗ 2018 94,A03.0|A03.2|A03.3|A27|A27.0|A27.8|A27.9|J03.0|J10.1|B55.0|B55.1|B55.2,22,index_csv,clinical,Клинический КП (есть коды МКБ)
minzdrav_protocols/khirurgiya/01КП_Диагностика_лечение_пациентов_детс_нас_ортопедо-травматологической_патологией_стац_условиях_пост_МЗ_2024_109.pdf,khirurgiya,01КП_Диагностика_лечение_пациентов_детс_нас_ортопедо-травматологической_патологией_стац_условиях_пост_МЗ_2024_109.pdf,355655,2026-05-30T13:53:43Z,2024,yes,2,pediatric,01КП Диагностика лечение пациентов детское население ортопедо-травматологической патологией стационарных условияхиях пост. МЗ 2024 109,G80|G81|G82|G83.0|G83.1|G83.2|G83.3|G83.4|G83.8|G83.9|M12.2|M21.0,72,index_csv,clinical,Клинический КП (есть коды МКБ)
minzdrav_protocols/khirurgiya/02КП_Диагностика_лечение_пациентов_взр_нас_травмами_опорно-двигательного_аппарата_стац_условиях_пост_МЗ_2024_109.pdf,khirurgiya,02КП_Диагностика_лечение_пациентов_взр_нас_травмами_опорно-двигательного_аппарата_стац_условиях_пост_МЗ_2024_109.pdf,317280,2026-05-30T13:53:43Z,2024,yes,2,adult,02КП Диагностика лечение пациентов взрослое население травмами опорно-двигательного аппарата стационарных условияхиях пост. МЗ 2024 109,S32.1|S32.3|S32.5|S32.7|S33.2|S33.4|S33.6|S32.4|S73.0|S42.0|S42.1|S42.2,44,index_csv,clinical,Клинический КП (есть коды МКБ)
minzdrav_protocols/khirurgiya/03КП_Диагностика_лечение_пациентов_взр_нас_травмами_позвоночника_стац_условиях_пост_МЗ_2024_109.pdf,khirurgiya,03КП_Диагностика_лечение_пациентов_взр_нас_травмами_позвоночника_стац_условиях_пост_МЗ_2024_109.pdf,228205,2026-05-30T13:53:43Z,2024,yes,2,adult,03КП Диагностика лечение пациентов взрослое население травмами позвоночника стационарных условияхиях пост. МЗ 2024 109,S12.0|S12.1|S12.2|S13.1|S14|S22.0|S22.1|S23.1|S24|S32.0|S32.1|S34,12,index_csv,clinical,Клинический КП (есть коды МКБ)
minzdrav_protocols/khirurgiya/04КП_Диагностика_лечение_пациентов_взр_нас_с_заболеваниями_позвоночника_стац_условиях_пост_МЗ_2024_109.pdf,khirurgiya,04КП_Диагностика_лечение_пациентов_взр_нас_с_заболеваниями_позвоночника_стац_условиях_пост_МЗ_2024_109.pdf,227906,2026-05-30T13:53:44Z,2024,yes,2,adult,04КП Диагностика лечение пациентов взрослое население с заболеваниями позвоночника стационарных условияхиях пост. МЗ 2024 109,M48.0|G95.0|Q07.0|M43.1|M43.4|M48.3|M48.4|M48.5|M49.3|Q75.8,10,index_csv,clinical,Клинический КП (есть коды МКБ)
minzdrav_protocols/khirurgiya/05КП_Диагностика_лечение_эндоскопическими_методами_пациентов_взр_нас_повреждениями_коленного_плечевого_суставов_пост_МЗ_2024_109.pdf,khirurgiya,05КП_Диагностика_лечение_эндоскопическими_методами_пациентов_взр_нас_повреждениями_коленного_плечевого_суставов_пост_МЗ_2024_109.pdf,229847,2026-05-30T13:53:44Z,2024,yes,2,adult,05КП Диагностика лечение эндоскопическими методами пациентов взрослое население повреждениями коленного плечевого суставов пост. МЗ 2024 109,,0,index_csv,clinical_pending,Клинический КП (МКБ не извлечён из текста)
minzdrav_protocols/khirurgiya/06КП_Диагностика_лечение_методом_эндопротезирования_пациентов_взр_нас_заболеваниями_коленного_сустава_пост_МЗ_2024_109.pdf,khirurgiya,06КП_Диагностика_лечение_методом_эндопротезирования_пациентов_взр_нас_заболеваниями_коленного_сустава_пост_МЗ_2024_109.pdf,205105,2026-05-30T13:53:45Z,2024,yes,2,adult,06КП Диагностика лечение методом эндопротезирования пациентов взрослое население заболеваниями коленного сустава пост. МЗ 2024 109,M15,1,index_csv,clinical,Клинический КП (есть коды МКБ)
minzdrav_protocols/khirurgiya/07КП_Диагностика_лечение_методом_эндопротезирования_пациентов_взр_нас_заболеваниями_тазобедренного_сустава_пост_МЗ_2024_109.pdf,khirurgiya,07КП_Диагностика_лечение_методом_эндопротезирования_пациентов_взр_нас_заболеваниями_тазобедренного_сустава_пост_МЗ_2024_109.pdf,205427,2026-05-30T13:53:45Z,2024,yes,2,adult,07КП Диагностика лечение методом эндопротезирования пациентов взрослое население заболеваниями тазобедренного сустава пост. МЗ 2024 109,M15|M16|S72.0|S72.1|S72.8,5,index_csv,clinical,Клинический КП (есть коды МКБ)
minzdrav_protocols/khirurgiya/Диагностика и лечение пациентов с заболеваниями челюстно-лицевой области 04.08.2017 № 80.pdf,khirurgiya,Диагностика и лечение пациентов с заболеваниями челюстно-лицевой области 04.08.2017 № 80.pdf,533469,2026-05-30T13:53:46Z,2017,no,2,any,Диагностика и лечение пациентов с заболеваниями челюстно-лицевой области 04.08.2017 №80,K07.9,1,default,clinical,Клинический КП (есть коды МКБ)
minzdrav_protocols/khirurgiya/КП Алгоритмы диагностики и лечения злокач. новообр пост. МЗ РБ от 06.07.2018 №60.pdf,khirurgiya,КП Алгоритмы диагностики и лечения злокач. новообр пост. МЗ РБ от 06.07.2018 №60.pdf,6849990,2026-05-30T13:53:48Z,2018,no,2,any,Алгоритмы диагностики и лечения злокач. новообр пост. МЗ РБ от 06.07.2018 №60,C06|C07,57,default,clinical,Клинический КП (есть коды МКБ)
minzdrav_protocols/khirurgiya/КП Диагностика и лечение пациентов (детское население) с инвагинацией_18.05.2021_№50.pdf,khirurgiya,КП Диагностика и лечение пациентов (детское население) с инвагинацией_18.05.2021_№50.pdf,170774,2026-05-30T13:53:49Z,2021,no,2,pediatric,Диагностика и лечение пациентов (детское население) с инвагинацией 18.05.2021 №50,K65.0,1,index_csv,clinical,Клинический КП (есть коды МКБ)
minzdrav_protocols/khirurgiya/КП Диагностика и лечение пациентов (детское население) с острой кишечной непроходимостью_18.05.2021_№50.pdf,khirurgiya,КП Диагностика и лечение пациентов (детское население) с острой кишечной непроходимостью_18.05.2021_№50.pdf,179469,2026-05-30T13:53:49Z,2021,no,2,pediatric,Диагностика и лечение пациентов (детское население) с острой кишечной непроходимостью 18.05.2021 №50,K65.0,1,index_csv,clinical,Клинический КП (есть коды МКБ)
minzdrav_protocols/khirurgiya/КП Диагностика и лечение пациентов (детское население) с острым аппендицитом и генерализованным перитонитом_18.05.2021_№50.pdf,khirurgiya,КП Диагностика и лечение пациентов (детское население) с острым аппендицитом и генерализованным перитонитом_18.05.2021_№50.pdf,173206,2026-05-30T13:53:50Z,2021,no,2,pediatric,Диагностика и лечение пациентов (детское население) с острым аппендицитом и генерализованным перитонитом 18.05.2021 №50,K65.0,1,index_csv,clinical,Клинический КП (есть коды МКБ)
minzdrav_protocols/khirurgiya/КП Диагностика и лечение пациентов (детское население) с острым аппендицитом и отграниченным перитонитом_18.05.2021_№50.pdf,khirurgiya,КП Диагностика и лечение пациентов (детское население) с острым аппендицитом и отграниченным перитонитом_18.05.2021_№50.pdf,179986,2026-05-30T13:53:50Z,2021,no,2,pediatric,Диагностика и лечение пациентов (детское население) с острым аппендицитом и отграниченным перитонитом 18.05.2021 №50,K65.0,1,index_csv,clinical,Клинический КП (есть коды МКБ)
minzdrav_protocols/khirurgiya/КП Диагностика и лечение пациентов (детское население) с острым аппендицитом_18.05.2021_№50.pdf,khirurgiya,КП Диагностика и лечение пациентов (детское население) с острым аппендицитом_18.05.2021_№50.pdf,162826,2026-05-30T13:53:50Z,2021,no,2,pediatric,Диагностика и лечение пациентов (детское население) с острым аппендицитом 18.05.2021 №50,K65.0,1,index_csv,clinical,Клинический КП (есть коды МКБ)
minzdrav_protocols/khirurgiya/КП Диагностика и лечение пациентов (детское население) с ущемленными грыжами_18.05.2021_№50.pdf,khirurgiya,КП Диагностика и лечение пациентов (детское население) с ущемленными грыжами_18.05.2021_№50.pdf,168901,2026-05-30T13:53:51Z,2021,no,2,pediatric,Диагностика и лечение пациентов (детское население) с ущемленными грыжами 18.05.2021 №50,K65.0,1,index_csv,clinical,Клинический КП (есть коды МКБ)
minzdrav_protocols/khirurgiya/КП Диагностика и лечение пациентов детское население с инородными телами пищеварительного тракта_14.05.2021_49.pdf,khirurgiya,КП Диагностика и лечение пациентов детское население с инородными телами пищеварительного тракта_14.05.2021_49.pdf,159785,2026-05-30T13:53:51Z,2021,no,2,pediatric,Диагностика и лечение пациентов детское население с инородными телами пищеварительного тракта 14.05.2021 49,,0,index_csv,clinical_pending,Клинический КП (МКБ не извлечён из текста)
minzdrav_protocols/khirurgiya/КП Диагностика и лечение пациентов с огнестрельными ранениями груди_09.08.2021_№94.pdf,khirurgiya,КП Диагностика и лечение пациентов с огнестрельными ранениями груди_09.08.2021_№94.pdf,152659,2026-05-30T13:53:51Z,2021,no,1,adult,Диагностика и лечение пациентов с огнестрельными ранениями груди 09.08.2021 №94,S21|S22|S25|S26|S27,5,index_csv,clinical,Клинический КП (есть коды МКБ)
minzdrav_protocols/khirurgiya/КП Диагностика и лечение пациентов с огнестрельными ранениями живота_09.08.2021_№94.pdf,khirurgiya,КП Диагностика и лечение пациентов с огнестрельными ранениями живота_09.08.2021_№94.pdf,157131,2026-05-30T13:53:52Z,2021,no,1,adult,Диагностика и лечение пациентов с огнестрельными ранениями живота 09.08.2021 №94,S30|S31|S35|S36|S37|S38|S39,7,index_csv,clinical,Клинический КП (есть коды МКБ)
minzdrav_protocols/khirurgiya/КП Диагностика и лечение пациентов с органической эректильной дисфункцией 25.05.2018 № 45.pdf,khirurgiya,КП Диагностика и лечение пациентов с органической эректильной дисфункцией 25.05.2018 № 45.pdf,380836,2026-05-30T13:53:52Z,2018,no,2,any,Диагностика и лечение пациентов с органической эректильной дисфункцией 25.05.2018 №45,N48.6|I87.8|I70.8|S32|S33|S34|S35.5|N40|N51.1|C61,10,default,clinical,Клинический КП (есть коды МКБ)
minzdrav_protocols/khirurgiya/КП Диагностика и лечение пациентов с хронической атеросклеротической аневризмой нисходящего отдела грудной и брюшной аорты 01.06.2017 № 47.pdf,khirurgiya,КП Диагностика и лечение пациентов с хронической атеросклеротической аневризмой нисходящего отдела грудной и брюшной аорты 01.06.2017 № 47.pdf,262004,2026-05-30T13:53:53Z,2017,no,2,any,Диагностика и лечение пациентов с хронической атеросклеротической аневризмой нисходящего отдела грудной и брюшной аорты 01.06.2017 №47,I71.2|I71.4,2,default,clinical,Клинический КП (есть коды МКБ)
minzdrav_protocols/khirurgiya/КП Лечение пациентов с огнестрельными переломами костей скелета в стационарных условиях 29.11.2019 №110.pdf,khirurgiya,КП Лечение пациентов с огнестрельными переломами костей скелета в стационарных условиях 29.11.2019 №110.pdf,360922,2026-05-30T13:53:53Z,2019,no,2,any,Лечение пациентов с огнестрельными переломами костей скелета в стационарных условиях 29.11.2019 №110,S32|S42|S52|S62|S72|S82|S92|T02,8,default,clinical,Клинический КП (есть коды МКБ)
minzdrav_protocols/khirurgiya/КП Лечение пациентов с огнестрельными ранами в стационарных условия 22.02.2018 № 19.1.pdf,khirurgiya,КП Лечение пациентов с огнестрельными ранами в стационарных условия 22.02.2018 № 19.1.pdf,344938,2026-05-30T13:53:54Z,2018,no,2,pediatric,Лечение пациентов с огнестрельными ранами в стационарных условия 22.02.2018 №19.1,S21|S31|S41|S51|S61|S71|S81|S91|T01|T01.0|T01.1|T01.2,15,index_csv,clinical,Клинический КП (есть коды МКБ)
minzdrav_protocols/khirurgiya/КП Хирургическое лечение эпилепсии 14.07.2017 № 75.pdf,khirurgiya,КП Хирургическое лечение эпилепсии 14.07.2017 № 75.pdf,99067,2026-05-30T13:53:54Z,2017,no,2,mixed,Хирургическое лечение эпилепсии 14.07.2017 №75,G40|G40.1|G40.2|G40.4|G40.5,5,index_csv,clinical,Клинический КП (есть коды МКБ)
minzdrav_protocols/khirurgiya/КП диагностики и лечения абсцесса легкого и средостения 05.07.2012 № 768.pdf,khirurgiya,КП диагностики и лечения абсцесса легкого и средостения 05.07.2012 № 768.pdf,143864,2026-05-30T13:53:54Z,2012,no,2,mixed,диагностики и лечения абсцесса легкого и средостения 05.07.2012 №768,J85|J85.0|J85.1|J85.2|J85.3,6,index_csv,clinical,Клинический КП (есть коды МКБ)
minzdrav_protocols/khirurgiya/КП диагностики и лечения взрослого населения с общехирургическими болезнями 12.02.2007 №82.pdf,khirurgiya,КП диагностики и лечения взрослого населения с общехирургическими болезнями 12.02.2007 №82.pdf,334692,2026-05-30T13:53:55Z,2007,no,1,adult,диагностики и лечения взрослого населения с общехирургическими болезнями 12.02.2007 №82,I85.9|Q39.5|D20.0|I86.4|I78.0|D18|R16.1|D12.8|I71.3|I71.4|G44.6|K80.0,14,index_csv,clinical,Клинический КП (есть коды МКБ)
minzdrav_protocols/khirurgiya/КП диагностики и лечения детей общехирургического профиля 27.09.2005_549.pdf,khirurgiya,КП диагностики и лечения детей общехирургического профиля 27.09.2005_549.pdf,282603,2026-05-30T13:53:55Z,2005,no,2,pediatric,диагностики и лечения детей общехирургического профиля 27.09.2005 549,D20|D73.3|D73.4|J86|P75|Q39.0|Q39.1|Q39.2|Q40.0|Q41.0|Q41.1|Q41.2,20,index_csv,clinical,Клинический КП (есть коды МКБ)
minzdrav_protocols/khirurgiya/КП диагностики и лечения пациентов с хирургической инфекцией кожи и мягких тканей в амбулаторных условиях 28.06.2013 № 749.pdf,khirurgiya,КП диагностики и лечения пациентов с хирургической инфекцией кожи и мягких тканей в амбулаторных условиях 28.06.2013 № 749.pdf,1011836,2026-05-30T13:53:56Z,2013,no,1,any,диагностики и лечения пациентов с хирургической инфекцией кожи и мягких тканей в амбулаторных условиях 28.06.2013 №749,L02|A46|L73.2|L98|L03|M72|M60|L59|L73|L05,10,default,clinical,Клинический КП (есть коды МКБ)
minzdrav_protocols/khirurgiya/КП диагностики и лечения пиоторакса 05.07.2012 № 768.pdf,khirurgiya,КП диагностики и лечения пиоторакса 05.07.2012 № 768.pdf,136500,2026-05-30T13:53:56Z,2012,no,2,mixed,диагностики и лечения пиоторакса 05.07.2012 №768,J86,1,index_csv,clinical,Клинический КП (есть коды МКБ)
minzdrav_protocols/khirurgiya/КП диагностики и хирургического лечения пациентов с нейроишемической формой синдрома диабетической стопы 20.03.2013 № 348.pdf,khirurgiya,КП диагностики и хирургического лечения пациентов с нейроишемической формой синдрома диабетической стопы 20.03.2013 № 348.pdf,1073721,2026-05-30T13:53:57Z,2013,no,2,any,диагностики и хирургического лечения пациентов с нейроишемической формой синдрома диабетической стопы 20.03.2013 №348,I43,1,default,clinical,Клинический КП (есть коды МКБ)
minzdrav_protocols/khirurgiya/КП эндовенозной лазерной коагуляции варикозных вен 30.07.2012 № 872.pdf,khirurgiya,КП эндовенозной лазерной коагуляции варикозных вен 30.07.2012 № 872.pdf,743775,2026-05-30T13:53:57Z,2012,no,1,any,эндовенозной лазерной коагуляции варикозных вен 30.07.2012 №872,,0,default,clinical_pending,Клинический КП (МКБ не извлечён из текста)
minzdrav_protocols/khirurgiya/КП_Анестезиологическое_обеспечение_хирургических_вмешательств_пост_МЗ_19.04.2023_57.pdf,khirurgiya,КП_Анестезиологическое_обеспечение_хирургических_вмешательств_пост_МЗ_19.04.2023_57.pdf,756982,2026-05-30T13:53:58Z,2023,yes,2,any,Анестезиологическое обеспечение хирургических вмешательств пост. МЗ 19.04.2023 57,N02,1,default,clinical,Клинический КП (есть коды МКБ)
minzdrav_protocols/khirurgiya/КП_Диагностика_и_лечение_пациентов_(взрослое_население)_с_тромбозом_глубоких_вен_пост_МЗ_от_22_03_2022_№17.pdf,khirurgiya,КП_Диагностика_и_лечение_пациентов_(взрослое_население)_с_тромбозом_глубоких_вен_пост_МЗ_от_22_03_2022_№17.pdf,204162,2026-05-30T13:53:58Z,2022,yes,2,adult,Диагностика и лечение пациентов (взрослое население) с тромбозом глубоких вен пост. МЗ от 22.03.2022 №17,I80|I82,2,index_csv,clinical,Клинический КП (есть коды МКБ)
minzdrav_protocols/khirurgiya/КП_Диагностика_и_лечение_пациентов_взр_детс_население_с_огнестрельными_ранениями_головы_и_шеи_в_стац_условиях_пост_МЗ_27.09.2023_142.pdf,khirurgiya,КП_Диагностика_и_лечение_пациентов_взр_детс_население_с_огнестрельными_ранениями_головы_и_шеи_в_стац_условиях_пост_МЗ_27.09.2023_142.pdf,152900,2026-05-30T13:53:59Z,2023,yes,1,mixed,Диагностика и лечение пациентов взр детс население с огнестрельными ранениями головы и шеи в стационарных условияхиях пост. МЗ 27.09.2023 142,S01|S11,2,index_csv,clinical,Клинический КП (есть коды МКБ)
minzdrav_protocols/khirurgiya/КП_Диагностика_и_лечение_пациентов_детс_нас_с_моторно-_эвакуаторными_нарушениями_акта_дефекации_пост_МЗ _14.02.2024_33.pdf,khirurgiya,КП_Диагностика_и_лечение_пациентов_детс_нас_с_моторно-_эвакуаторными_нарушениями_акта_дефекации_пост_МЗ _14.02.2024_33.pdf,175744,2026-05-30T13:53:59Z,2024,yes,2,pediatric,Диагностика и лечение пациентов детское население с моторно- эвакуаторными нарушениями акта дефекации пост. МЗ 14.02.2024 33,F98.1|K59.0|Q42.0|Q42.1|Q42.2|Q42.3|Q43.1|Q43.5|Q43.6|Q43.7,10,index_csv,clinical,Клинический КП (есть коды МКБ)
minzdrav_protocols/khirurgiya/КП_Диагностика_и_лечение_пациентов_с_заболеваниями_периферических_артерий_взр_нас_пост_МЗ_11.05.2023_77.pdf,khirurgiya,КП_Диагностика_и_лечение_пациентов_с_заболеваниями_периферических_артерий_взр_нас_пост_МЗ_11.05.2023_77.pdf,308641,2026-05-30T13:53:59Z,2023,yes,2,adult,Диагностика и лечение пациентов с заболеваниями периферических артерий взрослое население пост. МЗ 11.05.2023 77,I70|I71|I72|I73|I74|I77,6,index_csv,clinical,Клинический КП (есть коды МКБ)
minzdrav_protocols/khirurgiya/КП_Диагностика_и_лечение_пациентов_с_хроническими_заболеваниями_вен_взр_население-пост_МЗ_2022_55.pdf,khirurgiya,КП_Диагностика_и_лечение_пациентов_с_хроническими_заболеваниями_вен_взр_население-пост_МЗ_2022_55.pdf,208596,2026-05-30T13:54:00Z,2022,yes,3,adult,Диагностика и лечение пациентов с хроническими заболеваниями вен взрослое население-пост. МЗ 2022 55,I80|I83|I86.2|I86.3|I87|I82,6,index_csv,clinical,Клинический КП (есть коды МКБ)
minzdrav_protocols/khirurgiya/КП_Диагностика_лечение_несовершенного_остеогенеза_пост_МЗ_2022_75.pdf,khirurgiya,КП_Диагностика_лечение_несовершенного_остеогенеза_пост_МЗ_2022_75.pdf,274772,2026-05-30T13:54:01Z,2022,yes,2,pediatric,Диагностика лечение несовершенного остеогенеза пост. МЗ 2022 75,Q78.0,1,index_csv,clinical,Клинический КП (есть коды МКБ)
minzdrav_protocols/khirurgiya/КП_Диагностика_лечение_оториноларингологическими_заболеваниями_в-нас_пост_МЗ_2017_49.pdf,khirurgiya,КП_Диагностика_лечение_оториноларингологическими_заболеваниями_в-нас_пост_МЗ_2017_49.pdf,792225,2026-05-30T13:54:02Z,2017,yes,2,adult,Диагностика лечение оториноларингологическими заболеваниями взрослое население пост. МЗ 2017 49,J31.0|J04.0|J34.2|J30.1|J30.2|J30.3|J30.4|J34.3|J34.0|J34.1|J34.8|J35.0,68,index_csv,clinical,Клинический КП (есть коды МКБ)
minzdrav_protocols/khirurgiya/КП_Диагностика_лечение_пациентов_вз_н_нервно-мышечной_дисфункцией_мочевого_пузыря_пост_МЗ_2024_181.pdf,khirurgiya,КП_Диагностика_лечение_пациентов_вз_н_нервно-мышечной_дисфункцией_мочевого_пузыря_пост_МЗ_2024_181.pdf,304526,2026-05-30T13:54:03Z,2024,yes,3,adult,Диагностика лечение пациентов вз н нервно-мышечной дисфункцией мочевого пузыря пост. МЗ 2024 181,N31|G83.4|G95.8,3,index_csv,clinical,Клинический КП (есть коды МКБ)
minzdrav_protocols/khirurgiya/КП_Диагностика_лечение_пациентов_взр_нас_с_закрытой_травмой_грудной_клетки_в_стац_условиях_пост_МЗ_2023_182.pdf,khirurgiya,КП_Диагностика_лечение_пациентов_взр_нас_с_закрытой_травмой_грудной_клетки_в_стац_условиях_пост_МЗ_2023_182.pdf,214413,2026-05-30T13:54:04Z,2023,yes,2,adult,Диагностика лечение пациентов взрослое население с закрытой травмой грудной клетки в стационарных условияхиях пост. МЗ 2023 182,S20|S29,2,index_csv,clinical,Клинический КП (есть коды МКБ)
minzdrav_protocols/khirurgiya/КП_Диагностика_лечение_пациентов_взр_нас_с_острой_кишечной_непроходимостью_в_стац_условиях_пост_МЗ_2023_182.pdf,khirurgiya,КП_Диагностика_лечение_пациентов_взр_нас_с_острой_кишечной_непроходимостью_в_стац_условиях_пост_МЗ_2023_182.pdf,194391,2026-05-30T13:54:04Z,2023,yes,3,adult,Диагностика лечение пациентов взрослое население с острой кишечной непроходимостью в стационарных условияхиях пост. МЗ 2023 182,,0,index_csv,clinical_pending,Клинический КП (МКБ не извлечён из текста)
minzdrav_protocols/khirurgiya/КП_Диагностика_лечение_пациентов_взр_нас_с_острым_аппендицитом_в_стац_условиях_пост_МЗ_2023_182.pdf,khirurgiya,КП_Диагностика_лечение_пациентов_взр_нас_с_острым_аппендицитом_в_стац_условиях_пост_МЗ_2023_182.pdf,176734,2026-05-30T13:54:04Z,2023,yes,3,adult,Диагностика лечение пациентов взрослое население с острым аппендицитом в стационарных условияхиях пост. МЗ 2023 182,,0,index_csv,clinical_pending,Клинический КП (МКБ не извлечён из текста)
minzdrav_protocols/khirurgiya/КП_Диагностика_лечение_пациентов_взр_нас_с_острым_панкреатитом_в_стац_условиях_пост_МЗ_2023_182.pdf,khirurgiya,КП_Диагностика_лечение_пациентов_взр_нас_с_острым_панкреатитом_в_стац_условиях_пост_МЗ_2023_182.pdf,192282,2026-05-30T13:54:05Z,2023,yes,3,adult,Диагностика лечение пациентов взрослое население с острым панкреатитом в стационарных условияхиях пост. МЗ 2023 182,K86.1,1,index_csv,clinical,Клинический КП (есть коды МКБ)
minzdrav_protocols/khirurgiya/КП_Диагностика_лечение_пациентов_взр_нас_с_острым_холециститом_в_стац_условиях_пост_МЗ_2023_182.pdf,khirurgiya,КП_Диагностика_лечение_пациентов_взр_нас_с_острым_холециститом_в_стац_условиях_пост_МЗ_2023_182.pdf,183211,2026-05-30T13:54:05Z,2023,yes,3,adult,Диагностика лечение пациентов взрослое население с острым холециститом в стационарных условияхиях пост. МЗ 2023 182,K81.9|N30.0,2,index_csv,clinical,Клинический КП (есть коды МКБ)
minzdrav_protocols/khirurgiya/КП_Диагностика_лечение_пациентов_взр_нас_с_острыми_гастродуоденальными_кровотечениями_в_стац_условиях_пост_МЗ_2023_182.pdf,khirurgiya,КП_Диагностика_лечение_пациентов_взр_нас_с_острыми_гастродуоденальными_кровотечениями_в_стац_условиях_пост_МЗ_2023_182.pdf,172848,2026-05-30T13:54:06Z,2023,yes,3,adult,Диагностика лечение пациентов взрослое население с острыми гастродуоденальными кровотечениями в стационарных условияхиях пост. МЗ 2023 182,I85.0|I86.4|K27.0|K27.4|K28.0|K28.4|S20|S29,9,index_csv,clinical,Клинический КП (есть коды МКБ)
minzdrav_protocols/khirurgiya/КП_Диагностика_лечение_пациентов_взр_нас_с_перфоративной_гастродуоденальной_язвой_в_стац_условиях_пост_МЗ_2023_182.pdf,khirurgiya,КП_Диагностика_лечение_пациентов_взр_нас_с_перфоративной_гастродуоденальной_язвой_в_стац_условиях_пост_МЗ_2023_182.pdf,172518,2026-05-30T13:54:06Z,2023,yes,3,adult,Диагностика лечение пациентов взрослое население с перфоративной гастродуоденальной язвой в стационарных условияхиях пост. МЗ 2023 182,K25.1|K25.2|K25.5|K25.6|K26.1|K26.2|K26.5|K26.6|K27.1|K27.2|K27.5|K27.6,16,index_csv,clinical,Клинический КП (есть коды МКБ)
minzdrav_protocols/khirurgiya/КП_Диагностика_лечение_пациентов_взр_нас_с_травмой_живота_в_стац_условиях_пост_МЗ_2023_182.pdf,khirurgiya,КП_Диагностика_лечение_пациентов_взр_нас_с_травмой_живота_в_стац_условиях_пост_МЗ_2023_182.pdf,186153,2026-05-30T13:54:06Z,2023,yes,3,adult,Диагностика лечение пациентов взрослое население с травмой живота в стационарных условияхиях пост. МЗ 2023 182,S30.1|S30.7|S30.8|S30.9|S31.1|S31.7|S31.8|S36|S37.0|S37.1|S37.2|S39,12,index_csv,clinical,Клинический КП (есть коды МКБ)
minzdrav_protocols/khirurgiya/КП_Диагностика_лечение_пациентов_взр_нас_с_ущемленной_грыжей_в_стац_условиях_пост_МЗ_2023_182.pdf,khirurgiya,КП_Диагностика_лечение_пациентов_взр_нас_с_ущемленной_грыжей_в_стац_условиях_пост_МЗ_2023_182.pdf,177021,2026-05-30T13:54:07Z,2023,yes,2,adult,Диагностика лечение пациентов взрослое население с ущемленной грыжей в стационарных условияхиях пост. МЗ 2023 182,,0,index_csv,clinical_pending,Клинический КП (МКБ не извлечён из текста)
minzdrav_protocols/khirurgiya/КП_Диагностика_лечение_пациентов_взр_нас_со_стенозом_аортального_клапана_в_стационарных_условиях_пост_МЗ_2022_123.pdf,khirurgiya,КП_Диагностика_лечение_пациентов_взр_нас_со_стенозом_аортального_клапана_в_стационарных_условиях_пост_МЗ_2022_123.pdf,223242,2026-05-30T13:54:07Z,2022,yes,2,adult,Диагностика лечение пациентов взрослое население со стенозом аортального клапана в стационарных условиях пост. МЗ 2022 123,I06.0|I35.0,2,index_csv,clinical,Клинический КП (есть коды МКБ)
minzdrav_protocols/khirurgiya/КП_Диагностика_лечение_пациентов_взрос_с_доброкач_забол_прямой_кишки_параректальной_и_копчиковой_области_амбул_пост_МЗ_01.04.2022_№22.pdf,khirurgiya,КП_Диагностика_лечение_пациентов_взрос_с_доброкач_забол_прямой_кишки_параректальной_и_копчиковой_области_амбул_пост_МЗ_01.04.2022_№22.pdf,204428,2026-05-30T13:54:08Z,2022,yes,5,adult,Диагностика лечение пациентов взрос с доброкач забол прямой кишки параректальной и копчиковой области амбулаторных пост. МЗ 01.04.2022 №22,D12|D12.8|D12.9|K60.4|K60.5|K61.1|K61.2|L05|L05.0|L05.9|L29|L29.0,13,index_csv,clinical,Клинический КП (есть коды МКБ)
minzdrav_protocols/khirurgiya/КП_Диагностика_лечение_пациентов_дет_нас_с_болезнями_уха_горла_носа_25.05.2018_46.pdf,khirurgiya,КП_Диагностика_лечение_пациентов_дет_нас_с_болезнями_уха_горла_носа_25.05.2018_46.pdf,802402,2026-05-30T13:54:08Z,2018,no,3,pediatric,Диагностика лечение пациентов детское население с болезнями уха горла носа 25.05.2018 46,H66.2|H66.1|H90.3|H90.4|D10.6|D14.0|D14.1|D17.0|H62.0|H62.2|H60.0|H60.2,102,index_csv,clinical,Клинический КП (есть коды МКБ)
minzdrav_protocols/khirurgiya/КП_Диагностика_лечение_пациентов_с_деформациями_позвоночника_в_амбулаторных_условиях_пост_МЗ_2017_51.pdf,khirurgiya,КП_Диагностика_лечение_пациентов_с_деформациями_позвоночника_в_амбулаторных_условиях_пост_МЗ_2017_51.pdf,231722,2026-05-30T13:54:09Z,2017,yes,2,pediatric,Диагностика лечение пациентов с деформациями позвоночника в амбулаторных условиях пост. МЗ 2017 51,Q67.5|Q76.1|Q76.3|Q76.4,4,index_csv,clinical,Клинический КП (есть коды МКБ)
minzdrav_protocols/khirurgiya/КП_Диагностика_лечение_профилактика_пролежней_пациентов_взр_нас_ пост_МЗ_2024_146.pdf,khirurgiya,КП_Диагностика_лечение_профилактика_пролежней_пациентов_взр_нас_ пост_МЗ_2024_146.pdf,419569,2026-05-30T13:54:09Z,2024,yes,4,adult,Диагностика лечение профилактика пролежней пациентов взрослое население пост. МЗ 2024 146,L89,1,index_csv,clinical,Клинический КП (есть коды МКБ)
minzdrav_protocols/khirurgiya/КП_Диагностика_лечение_реабилитация_пациентов_термической_травмой_и_последствиями_пост_МЗ_2025_40.pdf,khirurgiya,КП_Диагностика_лечение_реабилитация_пациентов_термической_травмой_и_последствиями_пост_МЗ_2025_40.pdf,477765,2026-05-30T13:54:10Z,2025,yes,3,mixed,Диагностика лечение реабилитация пациентов термической травмой и последствиями пост. МЗ 2025 40,H04|T25|T29|T32|L55|T69.0|T69.1,7,index_csv,clinical,Клинический КП (есть коды МКБ)
minzdrav_protocols/khirurgiya/КП_Диагностика_лечение_транспозиции_магистральных_сосудов_д-нас_пост_МЗ_2025_29.pdf,khirurgiya,КП_Диагностика_лечение_транспозиции_магистральных_сосудов_д-нас_пост_МЗ_2025_29.pdf,163713,2026-05-30T13:54:10Z,2025,yes,2,pediatric,Диагностика лечение транспозиции магистральных сосудов детское население пост. МЗ 2025 29,Q20.3,1,index_csv,clinical,Клинический КП (есть коды МКБ)
minzdrav_protocols/khirurgiya/КП_Диагностика_хирургическое_лечение_пациентов_с_деформациями_позвоночника_сколиозом_пост_МЗ_2017_51.pdf,khirurgiya,КП_Диагностика_хирургическое_лечение_пациентов_с_деформациями_позвоночника_сколиозом_пост_МЗ_2017_51.pdf,231639,2026-05-30T13:54:10Z,2017,yes,3,pediatric,Диагностика хирургическое лечение пациентов с деформациями позвоночника сколиозом пост. МЗ 2017 51,Q67.5|Q76.3,2,index_csv,clinical,Клинический КП (есть коды МКБ)
minzdrav_protocols/khirurgiya/КП_Оказание_медпомощи_пациентам_атрезией_пищевода_д-нас_пост_МЗ_2025_20.pdf,khirurgiya,КП_Оказание_медпомощи_пациентам_атрезией_пищевода_д-нас_пост_МЗ_2025_20.pdf,225367,2026-05-30T13:54:11Z,2025,yes,2,pediatric,Оказание медпомощи пациентам атрезией пищевода детское население пост. МЗ 2025 20,Q39.0|Q39.1,2,index_csv,clinical,Клинический КП (есть коды МКБ)
minzdrav_protocols/nefrologiya/КП Диагностика и лечение пациентов с острым почечным повреждением»_02.08.2021_№ 93.pdf,nefrologiya,КП Диагностика и лечение пациентов с острым почечным повреждением»_02.08.2021_№ 93.pdf,181021,2026-05-30T13:54:11Z,2021,no,1,adult,Диагностика и лечение пациентов с острым почечным повреждением 02.08.2021 №93,N17.0|N17.2|N17.8|N17.9,4,index_csv,clinical,Клинический КП (есть коды МКБ)
minzdrav_protocols/nefrologiya/КП Диагностика и лечение пациентов с хронической болезнью почек 5 стадии методом перитонеального диализа_02.08.2021 № 93.pdf,nefrologiya,КП Диагностика и лечение пациентов с хронической болезнью почек 5 стадии методом перитонеального диализа_02.08.2021 № 93.pdf,199118,2026-05-30T13:54:12Z,2021,no,1,adult,Диагностика и лечение пациентов с хронической болезнью почек 5 стадии методом перитонеального диализа 02.08.2021 №93,,0,index_csv,clinical_pending,Клинический КП (МКБ не извлечён из текста)
minzdrav_protocols/nefrologiya/КП Диагностика и лечение пациентов с хронической болезнью почек 5 стадии методом программного гемодиализа_02.08.2021_№ 93.pdf,nefrologiya,КП Диагностика и лечение пациентов с хронической болезнью почек 5 стадии методом программного гемодиализа_02.08.2021_№ 93.pdf,332300,2026-05-30T13:54:12Z,2021,no,1,adult,Диагностика и лечение пациентов с хронической болезнью почек 5 стадии методом программного гемодиализа 02.08.2021 №93,N18.5,1,index_csv,clinical,Клинический КП (есть коды МКБ)
"minzdrav_protocols/nefrologiya/КП Диагностика, лечение и тактика ведения пациентов детского возраста до, во время и после трансплантации почки 31.07.2020 № 67.pdf",nefrologiya,"КП Диагностика, лечение и тактика ведения пациентов детского возраста до, во время и после трансплантации почки 31.07.2020 № 67.pdf",966525,2026-05-30T13:54:13Z,2020,no,2,pediatric,"Диагностика, лечение и тактика ведения пациентов детского возраста до, во время и после трансплантации почки 31.07.2020 №67",N18.5,1,index_csv,clinical,Клинический КП (есть коды МКБ)
minzdrav_protocols/nefrologiya/КП Лечение 5 стадии у пациентов находящихся на различных видах хронического диализа_02.08.2021 №93.pdf,nefrologiya,КП Лечение 5 стадии у пациентов находящихся на различных видах хронического диализа_02.08.2021 №93.pdf,345332,2026-05-30T13:54:13Z,2021,no,1,adult,Лечение 5 стадии у пациентов находящихся на различных видах хронического диализа 02.08.2021 №93,,0,index_csv,clinical_pending,Клинический КП (МКБ не извлечён из текста)
minzdrav_protocols/nefrologiya/КП Ранняя диагностика и интенсивная терапия острого респираторного дистресс-синдрома 01.06.2017 № 48.pdf,nefrologiya,КП Ранняя диагностика и интенсивная терапия острого респираторного дистресс-синдрома 01.06.2017 № 48.pdf,283829,2026-05-30T13:54:14Z,2017,no,4,mixed,Ранняя диагностика и интенсивная терапия острого респираторного дистресс-синдрома 01.06.2017 №48,J80,1,index_csv,clinical,Клинический КП (есть коды МКБ)
minzdrav_protocols/nefrologiya/КП диагностики и лечения детей с патологией мочеполовой системы 27.09.2005_549.pdf,nefrologiya,КП диагностики и лечения детей с патологией мочеполовой системы 27.09.2005_549.pdf,275450,2026-05-30T13:54:14Z,2005,no,2,pediatric,диагностики и лечения детей с патологией мочеполовой системы 27.09.2005 549,N13.2|N13.6|N28.8|N31.0|N31.2|Q62.0|Q62.2|Q62.3|Q62.7|Q62.8|N31,11,index_csv,clinical,Клинический КП (есть коды МКБ)
minzdrav_protocols/nefrologiya/КП диагностики и лечения пациентов взрослое население с нефрологическими заболеваниями 22.09.2011 №920.pdf,nefrologiya,КП диагностики и лечения пациентов взрослое население с нефрологическими заболеваниями 22.09.2011 №920.pdf,535363,2026-05-30T13:54:15Z,2011,no,1,adult,диагностики и лечения пациентов взрослое население с нефрологическими заболеваниями 22.09.2011 №920,N00|N01|N02|N17|N18|N11.8|N11.9|N10|N11.0|N30|N20|N23,19,index_csv,clinical,Клинический КП (есть коды МКБ)
minzdrav_protocols/nefrologiya/КП_Диагностика_лечение_гемолитико-уремического_синдрома_д-нас_пост_МЗ_2024_180.pdf,nefrologiya,КП_Диагностика_лечение_гемолитико-уремического_синдрома_д-нас_пост_МЗ_2024_180.pdf,486994,2026-05-30T13:54:15Z,2024,yes,2,pediatric,Диагностика лечение гемолитико-уремического синдрома детское население пост. МЗ 2024 180,D59.3,1,index_csv,clinical,Клинический КП (есть коды МКБ)
minzdrav_protocols/nefrologiya/КП_Диагностика_лечение_пациентов_в-нас_с_нефрологическими_заболеваниями_пост_МЗ_2025_49.pdf,nefrologiya,КП_Диагностика_лечение_пациентов_в-нас_с_нефрологическими_заболеваниями_пост_МЗ_2025_49.pdf,803920,2026-05-30T13:54:16Z,2025,yes,1,adult,Диагностика лечение пациентов взрослое население с нефрологическими заболеваниями пост. МЗ 2025 49,N00|N01|N02|N03|N04|N05|N06|N10|N11.8|N11.9|N17|N18,17,index_csv,clinical,Клинический КП (есть коды МКБ)
minzdrav_protocols/nefrologiya/Протоколы медицинской реабилитации детей с болезнями почек 18.02.2011 №172.pdf,nefrologiya,Протоколы медицинской реабилитации детей с болезнями почек 18.02.2011 №172.pdf,183714,2026-05-30T13:54:16Z,2011,no,1,pediatric,Протоколы медицинской реабилитации детей с болезнями почек 18.02.2011 №172,N10|N11.0|N11.1,3,index_csv,clinical,Клинический КП (есть коды МКБ)
minzdrav_protocols/nevrologiya-neyrokhirurgiya/КП Лучевая диагностика заболеваний головного мозга у детей 23.08.2019 №87.pdf,nevrologiya-neyrokhirurgiya,КП Лучевая диагностика заболеваний головного мозга у детей 23.08.2019 №87.pdf,584891,2026-05-30T13:54:16Z,2019,no,3,pediatric,Лучевая диагностика заболеваний головного мозга у детей 23.08.2019 №87,P10|G80.0|G80.9|G81.0|G81.9|G82.0|G82.5|G91.0|G91.9|P52.0|P52.9|Q00,39,index_csv,clinical,Клинический КП (есть коды МКБ)
minzdrav_protocols/nevrologiya-neyrokhirurgiya/КП Хирургическое лечение эпилепсии 14.07.2017 № 75.pdf,nevrologiya-neyrokhirurgiya,КП Хирургическое лечение эпилепсии 14.07.2017 № 75.pdf,99067,2026-05-30T13:54:17Z,2017,no,2,mixed,Хирургическое лечение эпилепсии 14.07.2017 №75,G40|G40.1|G40.2|G40.4|G40.5,5,index_csv,clinical,Клинический КП (есть коды МКБ)
minzdrav_protocols/nevrologiya-neyrokhirurgiya/КП диагностики пациентов с аномалией Арнольда-Хиари 16.12.2013 № 1272.pdf,nevrologiya-neyrokhirurgiya,КП диагностики пациентов с аномалией Арнольда-Хиари 16.12.2013 № 1272.pdf,630940,2026-05-30T13:54:17Z,2013,no,1,adult,диагностики пациентов с аномалией Арнольда-Хиари 16.12.2013 №1272,Q07|Q07.0|N20,3,index_csv,clinical,Клинический КП (есть коды МКБ)
minzdrav_protocols/nevrologiya-neyrokhirurgiya/КП_Диагностика_и_лечение_пациентов_взросл_с_заболеваниями_нейрохирургического_профиля_в_стационарных_условиях_пост_МЗ__29102021_117.pdf,nevrologiya-neyrokhirurgiya,КП_Диагностика_и_лечение_пациентов_взросл_с_заболеваниями_нейрохирургического_профиля_в_стационарных_условиях_пост_МЗ__29102021_117.pdf,771029,2026-05-30T13:54:18Z,2021,yes,1,adult,Диагностика и лечение пациентов взросл с заболеваниями нейрохирургического профиля в стационарных условиях пост. МЗ 29102021 117,I60|I61|I62|Q07.0|G91|G06.0|G06.1|G20|G40|Q28.2|M40|M54,51,index_csv,clinical,Клинический КП (есть коды МКБ)
minzdrav_protocols/nevrologiya-neyrokhirurgiya/КП_Диагностика_и_лечение_пациентов_детское_с_заболеваниями_нейрохирургического_профиля_в_стационарных_условиях_пост_МЗ_29102021_117.pdf,nevrologiya-neyrokhirurgiya,КП_Диагностика_и_лечение_пациентов_детское_с_заболеваниями_нейрохирургического_профиля_в_стационарных_условиях_пост_МЗ_29102021_117.pdf,260643,2026-05-30T13:54:18Z,2021,yes,1,pediatric,Диагностика и лечение пациентов детское с заболеваниями нейрохирургического профиля в стационарных условиях пост. МЗ 29102021 117,G80|G06.0|G96.0|P52|Q05|Q76.0|Q07.0|S44|S54|S64|S74|S84,27,index_csv,clinical,Клинический КП (есть коды МКБ)
minzdrav_protocols/nevrologiya-neyrokhirurgiya/КП_Диагностика_и_лечение_пациентов_с_черепно-мозговой_травмой_детское_население_27.01.2023_17.pdf,nevrologiya-neyrokhirurgiya,КП_Диагностика_и_лечение_пациентов_с_черепно-мозговой_травмой_детское_население_27.01.2023_17.pdf,196282,2026-05-30T13:54:19Z,2023,no,1,pediatric,Диагностика и лечение пациентов с черепно-мозговой травмой детское население 27.01.2023 17,S00|S09,2,index_csv,clinical,Клинический КП (есть коды МКБ)
minzdrav_protocols/nevrologiya-neyrokhirurgiya/КП_Диагностика_лечение_новорожденных_гипоксической_ишемической_энцефалопатией_пост_МЗ_24.10.2024_151.pdf,nevrologiya-neyrokhirurgiya,КП_Диагностика_лечение_новорожденных_гипоксической_ишемической_энцефалопатией_пост_МЗ_24.10.2024_151.pdf,233643,2026-05-30T13:54:19Z,2024,yes,2,pediatric,Диагностика лечение новорожденных гипоксической ишемической энцефалопатией пост. МЗ 24.10.2024 151,,0,index_csv,clinical_pending,Клинический КП (МКБ не извлечён из текста)
minzdrav_protocols/nevrologiya-neyrokhirurgiya/КП_Диагностика_лечение_пациентов_вз_н_нервно-мышечной_дисфункцией_мочевого_пузыря_пост_МЗ_2024_181.pdf,nevrologiya-neyrokhirurgiya,КП_Диагностика_лечение_пациентов_вз_н_нервно-мышечной_дисфункцией_мочевого_пузыря_пост_МЗ_2024_181.pdf,304526,2026-05-30T13:54:19Z,2024,yes,3,adult,Диагностика лечение пациентов вз н нервно-мышечной дисфункцией мочевого пузыря пост. МЗ 2024 181,N31|G83.4|G95.8,3,index_csv,clinical,Клинический КП (есть коды МКБ)
minzdrav_protocols/nevrologiya-neyrokhirurgiya/КП_Диагностика_лечение_пациентов_взр_нас_нарушениями_вестибулярной_функции_при_болезнях_внутреннего_уха_пост_МЗ_2025_155.pdf,nevrologiya-neyrokhirurgiya,КП_Диагностика_лечение_пациентов_взр_нас_нарушениями_вестибулярной_функции_при_болезнях_внутреннего_уха_пост_МЗ_2025_155.pdf,347229,2026-05-30T13:54:20Z,2025,yes,2,adult,Диагностика лечение пациентов взрослое население нарушениями вестибулярной функции при болезнях внутреннего уха пост. МЗ 2025 155,H81.0|H81.1|H81.2|R42,4,index_csv,clinical,Клинический КП (есть коды МКБ)
minzdrav_protocols/nevrologiya-neyrokhirurgiya/КП_Диагностика_лечение_пациентов_взр_население_с_эпилепсией_эпилептическим статусом_судорожным_синдромом_пост_МЗ_18.08.2023_119.pdf,nevrologiya-neyrokhirurgiya,КП_Диагностика_лечение_пациентов_взр_население_с_эпилепсией_эпилептическим статусом_судорожным_синдромом_пост_МЗ_18.08.2023_119.pdf,164963,2026-05-30T13:54:20Z,2023,yes,1,adult,Диагностика лечение пациентов взрослое население с эпилепсией эпилептическим статусом судорожным синдромом пост. МЗ 18.08.2023 119,G40|G41|R56,3,index_csv,clinical,Клинический КП (есть коды МКБ)
minzdrav_protocols/nevrologiya-neyrokhirurgiya/КП_Диагностика_лечение_пациентов_заболеваниями_нервной_системы_детс_нас_пост_МЗ_12.04.2023_53.pdf,nevrologiya-neyrokhirurgiya,КП_Диагностика_лечение_пациентов_заболеваниями_нервной_системы_детс_нас_пост_МЗ_12.04.2023_53.pdf,485927,2026-05-30T13:54:21Z,2023,yes,1,pediatric,Диагностика лечение пациентов заболеваниями нервной системы детское население пост. МЗ 12.04.2023 53,G44|G61|G11|G11.0|G11.1|G11.3|G11.4|G11.8|G11.9|G24|G35|G36,62,index_csv,clinical,Клинический КП (есть коды МКБ)
minzdrav_protocols/nevrologiya-neyrokhirurgiya/КП_Диагностика_лечение_пациентов_наследственными_нервно-мышечными_заболеваниями_вз-нас_пост_МЗ_2025_42.pdf,nevrologiya-neyrokhirurgiya,КП_Диагностика_лечение_пациентов_наследственными_нервно-мышечными_заболеваниями_вз-нас_пост_МЗ_2025_42.pdf,631115,2026-05-30T13:54:21Z,2025,yes,1,adult,Диагностика лечение пациентов наследственными нервно-мышечными заболеваниями вз-нас пост. МЗ 2025 42,G12|G60.0|G71,3,index_csv,clinical,Клинический КП (есть коды МКБ)
minzdrav_protocols/nevrologiya-neyrokhirurgiya/КП_Диагностика_лечение_пациентов_с_заболеваниями_нервной_системы_взр_нас_пост_МЗ_2018_8.pdf,nevrologiya-neyrokhirurgiya,КП_Диагностика_лечение_пациентов_с_заболеваниями_нервной_системы_взр_нас_пост_МЗ_2018_8.pdf,1042016,2026-05-30T13:54:22Z,2018,yes,1,adult,Диагностика лечение пациентов с заболеваниями нервной системы взрослое население пост. МЗ 2018 8,G00|G03|G04|G05|G06|G07|G09|G10|G11|G12.2|G20|G21,72,index_csv,clinical,Клинический КП (есть коды МКБ)
minzdrav_protocols/nevrologiya-neyrokhirurgiya/КП_Диагностика_лечение_профилактика_инфаркта_мозга_детс_нас_пост_МЗ_2024_127.pdf,nevrologiya-neyrokhirurgiya,КП_Диагностика_лечение_профилактика_инфаркта_мозга_детс_нас_пост_МЗ_2024_127.pdf,1629877,2026-05-30T13:54:22Z,2024,yes,2,pediatric,Диагностика лечение профилактика инфаркта мозга детское население пост. МЗ 2024 127,I63|I63.0|I63.1|I63.2|I63.3|I63.4|I63.5|I63.8|I63.9|I69.3,10,index_csv,clinical,Клинический КП (есть коды МКБ)
minzdrav_protocols/nevrologiya-neyrokhirurgiya/КП_Медицинская_профилактика_венозных_тромбозов_в_нейрохирургической_практике_3-02-2022_№8.pdf,nevrologiya-neyrokhirurgiya,КП_Медицинская_профилактика_венозных_тромбозов_в_нейрохирургической_практике_3-02-2022_№8.pdf,256937,2026-05-30T13:54:23Z,2022,no,1,any,Медицинская профилактика венозных тромбозов в нейрохирургической практике 3-02-2022 №8,,0,default,clinical_pending,Клинический КП (МКБ не извлечён из текста)
minzdrav_protocols/nevrologiya-neyrokhirurgiya/КП_Медицинская_реабилитация_пациентов_с_инсультом_вз_нас_пост_МЗ_2026_7.pdf,nevrologiya-neyrokhirurgiya,КП_Медицинская_реабилитация_пациентов_с_инсультом_вз_нас_пост_МЗ_2026_7.pdf,353436,2026-05-30T13:54:23Z,2026,yes,1,adult,Медицинская реабилитация пациентов с инсультом вз нас пост. МЗ 2026 7,I60|I61|I62|I63|I64|I69,6,index_csv,clinical,Клинический КП (есть коды МКБ)
minzdrav_protocols/nevrologiya-neyrokhirurgiya/КП_Медицинская_реабилитация_пациентов_с_травмами_спинного_мозга_взр_нас_пост_МЗ_2020_85.pdf,nevrologiya-neyrokhirurgiya,КП_Медицинская_реабилитация_пациентов_с_травмами_спинного_мозга_взр_нас_пост_МЗ_2020_85.pdf,451196,2026-05-30T13:54:24Z,2020,yes,2,adult,Медицинская реабилитация пациентов с травмами спинного мозга взрослое население пост. МЗ 2020 85,N31|S14|S14.0|S14.1|S24|S24.0|S24.1|S34|S34.0|S34.1|S34.3|T91.3,17,index_csv,clinical,Клинический КП (есть коды МКБ)
minzdrav_protocols/nevrologiya-neyrokhirurgiya/КП_Нейрохирургическое_лечение_первичных_опухолей_головного_мозга_детс_население_стац_условиях_пост_МЗ_12.09.2023_134.pdf,nevrologiya-neyrokhirurgiya,КП_Нейрохирургическое_лечение_первичных_опухолей_головного_мозга_детс_население_стац_условиях_пост_МЗ_12.09.2023_134.pdf,193740,2026-05-30T13:54:24Z,2023,yes,1,pediatric,Нейрохирургическое лечение первичных опухолей головного мозга детс население стационарных условияхиях пост. МЗ 12.09.2023 134,B24,1,index_csv,clinical,Клинический КП (есть коды МКБ)
minzdrav_protocols/nevrologiya-neyrokhirurgiya/КП_Оказание_медпомощи_пациентам_дет_возр_со_спинальной_мышечной_атрофией_пост_МЗ_05.05.2023_№73.pdf,nevrologiya-neyrokhirurgiya,КП_Оказание_медпомощи_пациентам_дет_возр_со_спинальной_мышечной_атрофией_пост_МЗ_05.05.2023_№73.pdf,173983,2026-05-30T13:54:24Z,2023,yes,1,pediatric,Оказание медпомощи пациентам дет возр со спинальной мышечной атрофией пост. МЗ 05.05.2023 №73,G12|G12.0|G12.1,3,index_csv,clinical,Клинический КП (есть коды МКБ)
minzdrav_protocols/nevrologiya-neyrokhirurgiya/КП_Организация кетогенной диеты для лечения фармакорезистентной эпилепсии у пациентов детского возраста_пост_МЗ_31_12_2021_№135.pdf,nevrologiya-neyrokhirurgiya,КП_Организация кетогенной диеты для лечения фармакорезистентной эпилепсии у пациентов детского возраста_пост_МЗ_31_12_2021_№135.pdf,161504,2026-05-30T13:54:25Z,2021,yes,1,pediatric,Организация кетогенной диеты для лечения фармакорезистентной эпилепсии у пациентов детского возраста пост. МЗ 31.12.2021 №135,G40|R64|E61.8|E80,4,index_csv,clinical,Клинический КП (есть коды МКБ)
minzdrav_protocols/nevrologiya-neyrokhirurgiya/Протоколы медицинской реабилитации детей с болезнями нервной системы 18.02.2011 №172.pdf,nevrologiya-neyrokhirurgiya,Протоколы медицинской реабилитации детей с болезнями нервной системы 18.02.2011 №172.pdf,312191,2026-05-30T13:54:25Z,2011,no,1,pediatric,Протоколы медицинской реабилитации детей с болезнями нервной системы 18.02.2011 №172,G80.0|G80.1|G80.8|G82.4|Q02|Q04|G09|S06|I60|I68|I69|G81.1,16,index_csv,clinical,Клинический КП (есть коды МКБ)
minzdrav_protocols/novoobrazovaniya/КП Алгоритмы диагностики и лечения злокач. новообр пост. МЗ РБ от 06.07.2018 №60.pdf,novoobrazovaniya,КП Алгоритмы диагностики и лечения злокач. новообр пост. МЗ РБ от 06.07.2018 №60.pdf,6849990,2026-04-04T09:39:38Z,2018,no,2,any,Алгоритмы диагностики и лечения злокач. новообр пост. МЗ РБ от 06.07.2018 №60,C06|C07,57,default,clinical,Клинический КП (есть коды МКБ)
minzdrav_protocols/novoobrazovaniya/КП Лечение и медицинская реабилитация детей с нарушениями слуха 23.08.2019 № 88.pdf,novoobrazovaniya,КП Лечение и медицинская реабилитация детей с нарушениями слуха 23.08.2019 № 88.pdf,378209,2026-05-30T13:54:26Z,2019,no,2,pediatric,Лечение и медицинская реабилитация детей с нарушениями слуха 23.08.2019 №88,Q16|D14,2,index_csv,clinical,Клинический КП (есть коды МКБ)
minzdrav_protocols/novoobrazovaniya/КП диагностики и лечения больных с патологией системы кроветворения 274.pdf,novoobrazovaniya,КП диагностики и лечения больных с патологией системы кроветворения 274.pdf,244507,2026-05-30T13:54:26Z,,no,2,any,диагностики и лечения больных с патологией системы кроветворения 274,D47.1|D50.0|D50.1|D51|D52|D53|D58.0|D59.0|D61.1|D61.2|D61.3|D68,27,default,clinical,Клинический КП (есть коды МКБ)
minzdrav_protocols/novoobrazovaniya/КП диагностики и лечения пациентов с хроническим миелолейкозом_31.05.2012 № 662.pdf,novoobrazovaniya,КП диагностики и лечения пациентов с хроническим миелолейкозом_31.05.2012 № 662.pdf,548165,2026-05-30T13:54:26Z,2012,no,2,any,диагностики и лечения пациентов с хроническим миелолейкозом 31.05.2012 №662,C92.1,1,default,clinical,Клинический КП (есть коды МКБ)
minzdrav_protocols/novoobrazovaniya/КП лечения пациентов множественной миеломой с помощью высокодозной химиотерапии_31.05.2012 № 662.pdf,novoobrazovaniya,КП лечения пациентов множественной миеломой с помощью высокодозной химиотерапии_31.05.2012 № 662.pdf,498538,2026-05-30T13:54:27Z,2012,no,3,any,лечения пациентов множественной миеломой с помощью высокодозной химиотерапии 31.05.2012 №662,C90.0,1,default,clinical,Клинический КП (есть коды МКБ)
minzdrav_protocols/novoobrazovaniya/КП медицинской реабилитации пациентов после хирургического лечения новообразований органов желудочно-кишечного тракта04.08.2011 №789.pdf,novoobrazovaniya,КП медицинской реабилитации пациентов после хирургического лечения новообразований органов желудочно-кишечного тракта04.08.2011 №789.pdf,506794,2026-05-30T13:54:27Z,2011,no,2,any,медицинской реабилитации пациентов после хирургического лечения новообразований органов желудочно-кишечного тракта04.08.2011 №789,,0,default,rehabilitation,Реабилитация (широкий охват МКБ)
minzdrav_protocols/novoobrazovaniya/КП наблюдения пациентов имеющих предрасположенность к злокачественным новообразованиям 27.12.2007_1018.pdf,novoobrazovaniya,КП наблюдения пациентов имеющих предрасположенность к злокачественным новообразованиям 27.12.2007_1018.pdf,1036364,2026-05-30T13:54:28Z,2007,no,1,adult,наблюдения пациентов имеющих предрасположенность к злокачественным новообразованиям 27.12.2007 1018,D30.3|P25|Q24.13|Q22.3|Q13.3,5,index_csv,clinical,Клинический КП (есть коды МКБ)
minzdrav_protocols/novoobrazovaniya/КП_Диагностика_и_лечение_детей_с_онкологическими_и_гематологическими_заболеваниями_пост_МЗ_РБ_05.12.2022_113.pdf,novoobrazovaniya,КП_Диагностика_и_лечение_детей_с_онкологическими_и_гематологическими_заболеваниями_пост_МЗ_РБ_05.12.2022_113.pdf,1380439,2026-05-30T13:54:29Z,2022,yes,3,pediatric,Диагностика и лечение детей с онкологическими и гематологическими заболеваниями пост. МЗ РБ 05.12.2022 113,Q22|P13|D69.3|D61.0|D61|Z94.8|Q31|Q32|Q23|Q21|P21|Q36,25,index_csv,clinical,Клинический КП (есть коды МКБ)
minzdrav_protocols/novoobrazovaniya/КП_Диагностика_и_лечение_пациентов_взр_нас_с_миелодиспластическими_синдромами_пост_МЗ_05.032024_45.pdf,novoobrazovaniya,КП_Диагностика_и_лечение_пациентов_взр_нас_с_миелодиспластическими_синдромами_пост_МЗ_05.032024_45.pdf,1461324,2026-05-30T13:54:29Z,2024,yes,2,adult,Диагностика и лечение пациентов взрослое население с миелодиспластическими синдромами пост. МЗ 05.032024 45,D46|Q13,2,index_csv,clinical,Клинический КП (есть коды МКБ)
minzdrav_protocols/novoobrazovaniya/КП_Диагностика_и_лечение_пациентов_с_первичными_иммунодефицитами_(взрос_население)»_пост_МЗ_РБ_11.10.2022_102).pdf,novoobrazovaniya,КП_Диагностика_и_лечение_пациентов_с_первичными_иммунодефицитами_(взрос_население)»_пост_МЗ_РБ_11.10.2022_102).pdf,568581,2026-05-30T13:54:30Z,2022,yes,3,adult,Диагностика и лечение пациентов с первичными иммунодефицитами (взрос население) пост. МЗ РБ 11.10.2022 102),D82.8|D80|D82.4|D76.1|D82.0|D69.4|D76.3|D72.8|D80.0|D76|D89.8|D84.8,49,index_csv,clinical,Клинический КП (есть коды МКБ)
minzdrav_protocols/novoobrazovaniya/КП_Диагностика_лечение_пациентов_взрос_с_доброкач_забол_прямой_кишки_параректальной_и_копчиковой_области_амбул_пост_МЗ_01.04.2022_№22.pdf,novoobrazovaniya,КП_Диагностика_лечение_пациентов_взрос_с_доброкач_забол_прямой_кишки_параректальной_и_копчиковой_области_амбул_пост_МЗ_01.04.2022_№22.pdf,204428,2026-05-30T13:54:30Z,2022,yes,5,adult,Диагностика лечение пациентов взрос с доброкач забол прямой кишки параректальной и копчиковой области амбулаторных пост. МЗ 01.04.2022 №22,D12|D12.8|D12.9|K60.4|K60.5|K61.1|K61.2|L05|L05.0|L05.9|L29|L29.0,13,index_csv,clinical,Клинический КП (есть коды МКБ)
minzdrav_protocols/novoobrazovaniya/КП_Диагностика_лечение_пациентов_дет_нас_с_болезнями_уха_горла_носа_25.05.2018_46.pdf,novoobrazovaniya,КП_Диагностика_лечение_пациентов_дет_нас_с_болезнями_уха_горла_носа_25.05.2018_46.pdf,802402,2026-05-30T13:54:31Z,2018,no,3,pediatric,Диагностика лечение пациентов детское население с болезнями уха горла носа 25.05.2018 46,H66.2|H66.1|H90.3|H90.4|D10.6|D14.0|D14.1|D17.0|H62.0|H62.2|H60.0|H60.2,102,index_csv,clinical,Клинический КП (есть коды МКБ)
minzdrav_protocols/novoobrazovaniya/КП_Диагностика_лечение_пациентов_с_первичными_иммунодефицитами_детс_нас_пост_МЗ_2024_98.pdf,novoobrazovaniya,КП_Диагностика_лечение_пациентов_с_первичными_иммунодефицитами_детс_нас_пост_МЗ_2024_98.pdf,815343,2026-05-30T13:54:31Z,2024,yes,3,pediatric,Диагностика лечение пациентов с первичными иммунодефицитами детское население пост. МЗ 2024 98,D82.8|D89.8|D80.5|D84.8|D80.0|D80.1|D81.0|D81.1|D81.3|D81.6|D81.7|D81.8,49,index_csv,clinical,Клинический КП (есть коды МКБ)
minzdrav_protocols/novoobrazovaniya/КП_Диагностика_лечение_пациентов_старше_18_лет_вновь_диагностированным_острым_миелоидным_лейкозом_пост_МЗ_2025_123.pdf,novoobrazovaniya,КП_Диагностика_лечение_пациентов_старше_18_лет_вновь_диагностированным_острым_миелоидным_лейкозом_пост_МЗ_2025_123.pdf,375790,2026-05-30T13:54:32Z,2025,yes,2,any,Диагностика лечение пациентов старше 18 лет вновь диагностированным острым миелоидным лейкозом пост. МЗ 2025 123,Q22|P13|P13.1|Q23.3|Q11.2|Q21|Q26.2|Q22.1|P21.3|P23.3|Q34.1|P11.2,21,default,clinical,Клинический КП (есть коды МКБ)
minzdrav_protocols/novoobrazovaniya/КП_Медицинская_реабилитация_детей_с_онкологическими_и_онкогематологическими_заболеваниями_пост_МЗ_2017_52.pdf,novoobrazovaniya,КП_Медицинская_реабилитация_детей_с_онкологическими_и_онкогематологическими_заболеваниями_пост_МЗ_2017_52.pdf,247350,2026-05-30T13:54:32Z,2017,yes,2,pediatric,Медицинская реабилитация детей с онкологическими и онкогематологическими заболеваниями пост. МЗ 2017 52,D33|D35.2,2,index_csv,clinical,Клинический КП (есть коды МКБ)
minzdrav_protocols/novoobrazovaniya/КП_Трансплантация_гемопоэтических_стволовых_клеток_пациентам_дет-нас_с_первичными_иммунодефицитами»_пост_МЗ_2025_151.pdf,novoobrazovaniya,КП_Трансплантация_гемопоэтических_стволовых_клеток_пациентам_дет-нас_с_первичными_иммунодефицитами»_пост_МЗ_2025_151.pdf,342377,2026-05-30T13:54:32Z,2025,yes,5,pediatric,Трансплантация гемопоэтических стволовых клеток пациентам детское население с первичными иммунодефицитами пост. МЗ 2025 151,B19,2,index_csv,clinical,Клинический КП (есть коды МКБ)
minzdrav_protocols/novoobrazovaniya/пост._МЗ_РБ_от_06.07.2018_№60_(в_ред._пост._МЗ_РБ_от_25.04.2026_№32)_КП_алгоритмы_ЗНО.pdf,novoobrazovaniya,пост._МЗ_РБ_от_06.07.2018_№60_(в_ред._пост._МЗ_РБ_от_25.04.2026_№32)_КП_алгоритмы_ЗНО.pdf,10376891,2026-05-30T13:54:35Z,2026;2018,no,1,any,пост. МЗ РБ от 06.07.2018 №60 (в ред. пост. МЗ РБ от 25.04.2026 №32) КП алгоритмы ЗНО,C06|C07,56,default,clinical,Клинический КП (есть коды МКБ)
minzdrav_protocols/novoobrazovaniya/пост._МЗ_РБ_от_25.04.2026_№32_КП_ЗНО_гепатобилиарной_системы_(взрослые)_офиц.pdf,novoobrazovaniya,пост._МЗ_РБ_от_25.04.2026_№32_КП_ЗНО_гепатобилиарной_системы_(взрослые)_офиц.pdf,540168,2026-05-30T13:54:36Z,2026,no,2,adult,пост. МЗ РБ от 25.04.2026 №32 КП ЗНО гепатобилиарной системы (взрослые) офиц,,0,index_csv,clinical_pending,Клинический КП (МКБ не извлечён из текста)
minzdrav_protocols/oftalmologiya/КП_Диагностика_и_лечение_пациентов_взр_население_с_болезнями_глаза_и_его_придаточного_аппарата_пост_МЗ_05.09.2022_91.pdf,oftalmologiya,КП_Диагностика_и_лечение_пациентов_взр_население_с_болезнями_глаза_и_его_придаточного_аппарата_пост_МЗ_05.09.2022_91.pdf,510504,2026-05-30T13:54:36Z,2022,yes,1,adult,Диагностика и лечение пациентов взрослое население с болезнями глаза и его придаточного аппарата пост. МЗ 05.09.2022 91,S05.6|S05.0|S05.5|S05.2|S05.3|S05.4|H36.0|S05.1|H47.2|H18.1|H18.4|H35.5,80,index_csv,clinical,Клинический КП (есть коды МКБ)
minzdrav_protocols/oftalmologiya/КП_Диагностика_лечение_пациентов_детс_население_с_болезнями_глаза_придаточного_аппарата_пост_МЗ_12.09.2023_133.pdf,oftalmologiya,КП_Диагностика_лечение_пациентов_детс_население_с_болезнями_глаза_придаточного_аппарата_пост_МЗ_12.09.2023_133.pdf,538190,2026-05-30T13:54:37Z,2023,yes,1,pediatric,Диагностика лечение пациентов детс население с болезнями глаза придаточного аппарата пост. МЗ 12.09.2023 133,H13.1|H32.0|H26.0|H26.2|H27.0|H27.1|Q12.0|Q12.1|Q15.0|H00|H02.0|H02.1,89,index_csv,clinical,Клинический КП (есть коды МКБ)
minzdrav_protocols/otorinolaringologiya/КП Лечение и медицинская реабилитация детей с нарушениями слуха 23.08.2019 № 88.pdf,otorinolaringologiya,КП Лечение и медицинская реабилитация детей с нарушениями слуха 23.08.2019 № 88.pdf,378209,2026-05-30T13:54:37Z,2019,no,2,pediatric,Лечение и медицинская реабилитация детей с нарушениями слуха 23.08.2019 №88,Q16|D14,2,index_csv,clinical,Клинический КП (есть коды МКБ)
minzdrav_protocols/otorinolaringologiya/КП_Диагностика_и_лечение_пациентов_д-нас_с_аллергическим_ринитом_пост_МЗ_2025_38.pdf,otorinolaringologiya,КП_Диагностика_и_лечение_пациентов_д-нас_с_аллергическим_ринитом_пост_МЗ_2025_38.pdf,209528,2026-05-30T13:54:37Z,2025,yes,3,pediatric,Диагностика и лечение пациентов детское население с аллергическим ринитом пост. МЗ 2025 38,J30.1|J30.2|J30.3|J30.4,4,index_csv,clinical,Клинический КП (есть коды МКБ)
minzdrav_protocols/otorinolaringologiya/КП_Диагностика_лечение_острых_риносинуситов_вз_н_пост_МЗ_2024_175.pdf,otorinolaringologiya,КП_Диагностика_лечение_острых_риносинуситов_вз_н_пост_МЗ_2024_175.pdf,171009,2026-05-30T13:54:38Z,2024,yes,2,adult,Диагностика лечение острых риносинуситов вз н пост. МЗ 2024 175,J00|J01,2,index_csv,clinical,Клинический КП (есть коды МКБ)
minzdrav_protocols/otorinolaringologiya/КП_Диагностика_лечение_острых_средних_отитов_дет_пост_МЗ_2024_153.pdf,otorinolaringologiya,КП_Диагностика_лечение_острых_средних_отитов_дет_пост_МЗ_2024_153.pdf,235817,2026-05-30T13:54:38Z,2024,yes,1,pediatric,Диагностика лечение острых средних отитов дет пост. МЗ 2024 153,,0,index_csv,clinical_pending,Клинический КП (МКБ не извлечён из текста)
minzdrav_protocols/otorinolaringologiya/КП_Диагностика_лечение_оториноларингологическими_заболеваниями_в-нас_пост_МЗ_2017_49.pdf,otorinolaringologiya,КП_Диагностика_лечение_оториноларингологическими_заболеваниями_в-нас_пост_МЗ_2017_49.pdf,792225,2026-05-30T13:54:39Z,2017,yes,2,adult,Диагностика лечение оториноларингологическими заболеваниями взрослое население пост. МЗ 2017 49,J31.0|J04.0|J34.2|J30.1|J30.2|J30.3|J30.4|J34.3|J34.0|J34.1|J34.8|J35.0,68,index_csv,clinical,Клинический КП (есть коды МКБ)
minzdrav_protocols/otorinolaringologiya/КП_Диагностика_лечение_пациентов_в-нас_хроническим_синуситом_пост_МЗ_2025_25.pdf,otorinolaringologiya,КП_Диагностика_лечение_пациентов_в-нас_хроническим_синуситом_пост_МЗ_2025_25.pdf,224145,2026-05-30T13:54:39Z,2025,yes,1,adult,Диагностика лечение пациентов взрослое население хроническим синуситом пост. МЗ 2025 25,J32|J33,2,index_csv,clinical,Клинический КП (есть коды МКБ)
minzdrav_protocols/otorinolaringologiya/КП_Диагностика_лечение_пациентов_взр_нас_нарушениями_вестибулярной_функции_при_болезнях_внутреннего_уха_пост_МЗ_2025_155.pdf,otorinolaringologiya,КП_Диагностика_лечение_пациентов_взр_нас_нарушениями_вестибулярной_функции_при_болезнях_внутреннего_уха_пост_МЗ_2025_155.pdf,347229,2026-05-30T13:54:40Z,2025,yes,2,adult,Диагностика лечение пациентов взрослое население нарушениями вестибулярной функции при болезнях внутреннего уха пост. МЗ 2025 155,H81.0|H81.1|H81.2|R42,4,index_csv,clinical,Клинический КП (есть коды МКБ)
minzdrav_protocols/otorinolaringologiya/КП_Диагностика_лечение_пациентов_д-нас_инородными_телами_нижних_дыхательных_путей_пост_МЗ_2025_12.pdf,otorinolaringologiya,КП_Диагностика_лечение_пациентов_д-нас_инородными_телами_нижних_дыхательных_путей_пост_МЗ_2025_12.pdf,265791,2026-05-30T13:54:40Z,2025,yes,1,pediatric,Диагностика лечение пациентов детское население инородными телами нижних дыхательных путей пост. МЗ 2025 12,T17.4|T17.5|T17.8|T17.9,4,index_csv,clinical,Клинический КП (есть коды МКБ)
minzdrav_protocols/otorinolaringologiya/КП_Диагностика_лечение_пациентов_д-нас_хроническим_риносинуситом_пост_МЗ_2025_48.pdf,otorinolaringologiya,КП_Диагностика_лечение_пациентов_д-нас_хроническим_риносинуситом_пост_МЗ_2025_48.pdf,249954,2026-05-30T13:54:40Z,2025,yes,1,pediatric,Диагностика лечение пациентов детское население хроническим риносинуситом пост. МЗ 2025 48,J32|J33,2,index_csv,clinical,Клинический КП (есть коды МКБ)
minzdrav_protocols/otorinolaringologiya/КП_Диагностика_лечение_пациентов_дет_нас_с_болезнями_уха_горла_носа_25.05.2018_46.pdf,otorinolaringologiya,КП_Диагностика_лечение_пациентов_дет_нас_с_болезнями_уха_горла_носа_25.05.2018_46.pdf,802402,2026-05-30T13:54:41Z,2018,no,3,pediatric,Диагностика лечение пациентов детское население с болезнями уха горла носа 25.05.2018 46,H66.2|H66.1|H90.3|H90.4|D10.6|D14.0|D14.1|D17.0|H62.0|H62.2|H60.0|H60.2,102,index_csv,clinical,Клинический КП (есть коды МКБ)
minzdrav_protocols/otorinolaringologiya/КП_Оказание_экстренной_неотложной_медпомощи_пациентам_дет_возраста_пост_МЗ_17.08.2023_118.pdf,otorinolaringologiya,КП_Оказание_экстренной_неотложной_медпомощи_пациентам_дет_возраста_пост_МЗ_17.08.2023_118.pdf,466876,2026-05-30T13:54:41Z,2023,yes,5,pediatric,Оказание экстренной неотложной медпомощи пациентам дет возраста пост. МЗ 17.08.2023 118,T78.0|T78.2|T80.5|T81.1|T88.2|T88.6|T88.7|L50|L50.0|L50.1|L50.2|L50.3,19,index_csv,clinical,Клинический КП (есть коды МКБ)
minzdrav_protocols/palliativnaya-pomoshch/КП_Диагностика_лечение_профилактика_пролежней_пациентов_взр_нас_ пост_МЗ_2024_146.pdf,palliativnaya-pomoshch,КП_Диагностика_лечение_профилактика_пролежней_пациентов_взр_нас_ пост_МЗ_2024_146.pdf,419569,2026-05-30T13:54:42Z,2024,yes,4,adult,Диагностика лечение профилактика пролежней пациентов взрослое население пост. МЗ 2024 146,L89,1,index_csv,clinical,Клинический КП (есть коды МКБ)
minzdrav_protocols/palliativnaya-pomoshch/КП_Фармакотерапия_основных_патологических_симптомов_при_оказании_паллиативной_мед_помощи_пациентам_взр_население_пост_МЗ_07-09-2022_96.pdf,palliativnaya-pomoshch,КП_Фармакотерапия_основных_патологических_симптомов_при_оказании_паллиативной_мед_помощи_пациентам_взр_население_пост_МЗ_07-09-2022_96.pdf,588795,2026-05-30T13:54:42Z,2022,yes,1,adult,Фармакотерапия основных патологических симптомов при оказании паллиативной мед помощи пациентам взрослое население пост. МЗ 07-09-2022 96,A02|A03|A04|A06|A07|A09|B05|C01|C03|C08|D04|G04,25,index_csv,clinical,Клинический КП (есть коды МКБ)
minzdrav_protocols/palliativnaya-pomoshch/КП_паллиативная_МП_дети_пост_МЗ_04.04.2023_48.pdf,palliativnaya-pomoshch,КП_паллиативная_МП_дети_пост_МЗ_04.04.2023_48.pdf,628799,2026-05-30T13:54:43Z,2023,yes,1,pediatric,паллиативная МП дети пост. МЗ 04.04.2023 48,R25.2|F51.0|F41|K21|R11|R19.6|K13.7|L29|L89|L89.0|L89.1|L89.2,30,index_csv,clinical,Клинический КП (есть коды МКБ)
minzdrav_protocols/psikhiatriya-narkologiya/КП_Диагностика_лечение_пациентов_с_психическими_и_поведенческими_расстройствами_врачами_общей_практики_пост_МЗ_2020_13.pdf,psikhiatriya-narkologiya,КП_Диагностика_лечение_пациентов_с_психическими_и_поведенческими_расстройствами_врачами_общей_практики_пост_МЗ_2020_13.pdf,434482,2026-05-30T13:54:43Z,2020,yes,1,any,Диагностика лечение пациентов с психическими и поведенческими расстройствами врачами общей практики пост. МЗ 2020 13,F10|F23|F32|F41.1|F05|F19|F10.0|F10.07|F10.1|F10.3|F10.2|F31,31,default,clinical,Клинический КП (есть коды МКБ)
minzdrav_protocols/psikhiatriya-narkologiya/КП_Диагностика_острой_интоксикации_вызванной_употреблением_алкоголя_наркотических_средств_пост_МЗ_08.11.2022_109.pdf,psikhiatriya-narkologiya,КП_Диагностика_острой_интоксикации_вызванной_употреблением_алкоголя_наркотических_средств_пост_МЗ_08.11.2022_109.pdf,215067,2026-05-30T13:54:44Z,2022,yes,1,any,Диагностика острой интоксикации вызванной употреблением алкоголя наркотических средств пост. МЗ 08.11.2022 109,F10|F10.0|F11|F11.0|F12|F12.0|F13|F13.0|F14|F14.0|F15|F15.0,57,default,clinical,Клинический КП (есть коды МКБ)
minzdrav_protocols/psikhiatriya-narkologiya/КП_Медицинская_реабилитация_медицинская_абилитация_пациентов_до_18_лет_с_расстройствами_аутистического_спектра_пост_МЗ_2025_54.pdf,psikhiatriya-narkologiya,КП_Медицинская_реабилитация_медицинская_абилитация_пациентов_до_18_лет_с_расстройствами_аутистического_спектра_пост_МЗ_2025_54.pdf,237831,2026-05-30T13:54:44Z,2025,yes,1,mixed,Медицинская реабилитация медицинская абилитация пациентов до 18 лет с расстройствами аутистического спектра пост. МЗ 2025 54,F84,1,index_csv,clinical,Клинический КП (есть коды МКБ)
minzdrav_protocols/psikhiatriya-narkologiya/КП_Оказание_медпомощи_пациентам_невротическими_связанными_со_стрессом_пост_МЗ_2022_108.pdf,psikhiatriya-narkologiya,КП_Оказание_медпомощи_пациентам_невротическими_связанными_со_стрессом_пост_МЗ_2022_108.pdf,224358,2026-05-30T13:54:44Z,2022,yes,1,adult,Оказание медпомощи пациентам невротическими связанными со стрессом пост. МЗ 2022 108,F40|F48|F40.0|F41.1|F41.2|F41.3|F42.9|F43|F43.0|F43.1|F43.2|F44,39,index_csv,clinical,Клинический КП (есть коды МКБ)
minzdrav_protocols/psikhiatriya-narkologiya/КП_Оказание_медпомощи_пациентам_с_аффективными_расстройствами_настроения_взр_и_детс_население_пост_МЗ_2022_108.pdf,psikhiatriya-narkologiya,КП_Оказание_медпомощи_пациентам_с_аффективными_расстройствами_настроения_взр_и_детс_население_пост_МЗ_2022_108.pdf,214063,2026-05-30T13:54:45Z,2022,yes,1,mixed,Оказание медпомощи пациентам с аффективными расстройствами настроения взр и детс население пост. МЗ 2022 108,F30.0|F30.1|F30.2|F31|F31.0|F31.1|F31.2|F31.3|F31.4|F31.5|F31.6|F31.7,32,index_csv,clinical,Клинический КП (есть коды МКБ)
minzdrav_protocols/psikhiatriya-narkologiya/КП_Оказание_медпомощи_пациентам_с_органическими_включая_симптоматические_психическими_расстройствами_пост_МЗ_2022_№108.pdf,psikhiatriya-narkologiya,КП_Оказание_медпомощи_пациентам_с_органическими_включая_симптоматические_психическими_расстройствами_пост_МЗ_2022_№108.pdf,248137,2026-05-30T13:54:45Z,2022,yes,1,adult,Оказание медпомощи пациентам с органическими включая симптоматические психическими расстройствами пост. МЗ 2022 №108,F06|F00|F03|F01|F02.0|F02.1|F02.2|F02.3|F02.8|F04|F05|F06.0,27,index_csv,clinical,Клинический КП (есть коды МКБ)
minzdrav_protocols/psikhiatriya-narkologiya/КП_Оказание_медпомощи_пациентам_с_поведенческими_и_эмоциональными_расстройствами_детском_и_подростковом_возрасте_пост_МЗ_2022_108.pdf,psikhiatriya-narkologiya,КП_Оказание_медпомощи_пациентам_с_поведенческими_и_эмоциональными_расстройствами_детском_и_подростковом_возрасте_пост_МЗ_2022_108.pdf,193070,2026-05-30T13:54:46Z,2022,yes,1,pediatric,Оказание медпомощи пациентам с поведенческими и эмоциональными расстройствами детском и подростковом возрасте пост. МЗ 2022 108,F90|F90.0|F90.1|F91|F93|F93.0|F93.1|F93.2|F94|F94.0|F98|F98.0,20,index_csv,clinical,Клинический КП (есть коды МКБ)
minzdrav_protocols/psikhiatriya-narkologiya/КП_Оказание_медпомощи_пациентам_с_половыми_сексуальными_расстройствами_дисфункциями_пост_МЗ_2022_108.pdf,psikhiatriya-narkologiya,КП_Оказание_медпомощи_пациентам_с_половыми_сексуальными_расстройствами_дисфункциями_пост_МЗ_2022_108.pdf,205139,2026-05-30T13:54:46Z,2022,yes,1,adult,Оказание медпомощи пациентам с половыми сексуальными расстройствами дисфункциями пост. МЗ 2022 108,F52.0|F52.1|F52.2|F52.3|F52.4|F52.5|F52.6|F52.7|F52.8|F30|F39|F00,17,index_csv,clinical,Клинический КП (есть коды МКБ)
minzdrav_protocols/psikhiatriya-narkologiya/КП_Оказание_медпомощи_пациентам_с_психическими_расстройствами_поведения_не_классифицированными_в_других_рубриках_пост_МЗ_2022_108.pdf,psikhiatriya-narkologiya,КП_Оказание_медпомощи_пациентам_с_психическими_расстройствами_поведения_не_классифицированными_в_других_рубриках_пост_МЗ_2022_108.pdf,172933,2026-05-30T13:54:46Z,2022,yes,1,adult,Оказание медпомощи пациентам с психическими расстройствами поведения не классифицированными в других рубриках пост. МЗ 2022 108,F53.0|F53.1|F53.8|F53.9|F53,5,index_csv,clinical,Клинический КП (есть коды МКБ)
minzdrav_protocols/psikhiatriya-narkologiya/КП_Оказание_медпомощи_пациентам_с_расстройствами_вследствие_употребления_психоактивных_веществ_пост_МЗ_2022_108.pdf,psikhiatriya-narkologiya,КП_Оказание_медпомощи_пациентам_с_расстройствами_вследствие_употребления_психоактивных_веществ_пост_МЗ_2022_108.pdf,276104,2026-05-30T13:54:47Z,2022,yes,1,adult,Оказание медпомощи пациентам с расстройствами вследствие употребления психоактивных веществ пост. МЗ 2022 108,F10|F19|F11|F12|F13|F14|F15|F16|F17|F18|F10.0|F10.1,46,index_csv,clinical,Клинический КП (есть коды МКБ)
minzdrav_protocols/psikhiatriya-narkologiya/КП_Оказание_медпомощи_пациентам_с_расстройствами_личности_и_поведения_у_взрослых_взр_и_детс_население_пост_МЗ_2022_108.pdf,psikhiatriya-narkologiya,КП_Оказание_медпомощи_пациентам_с_расстройствами_личности_и_поведения_у_взрослых_взр_и_детс_население_пост_МЗ_2022_108.pdf,200421,2026-05-30T13:54:47Z,2022,yes,1,mixed,Оказание медпомощи пациентам с расстройствами личности и поведения у взрослых взр и детс население пост. МЗ 2022 108,F60.0|F60.1|F60.2|F60.3|F60.4|F60.5|F60.6|F60.7|F60.8|F62|F63|F64,29,index_csv,clinical,Клинический КП (есть коды МКБ)
minzdrav_protocols/psikhiatriya-narkologiya/КП_Оказание_медпомощи_пациентам_с_расстройствами_приема_пищи_взр_и_детс_население_пост_МЗ_2022_108.pdf,psikhiatriya-narkologiya,КП_Оказание_медпомощи_пациентам_с_расстройствами_приема_пищи_взр_и_детс_население_пост_МЗ_2022_108.pdf,208996,2026-05-30T13:54:48Z,2022,yes,1,mixed,Оказание медпомощи пациентам с расстройствами приема пищи взр и детс население пост. МЗ 2022 108,F50|F50.0|F50.1|F50.2|F50.3|F50.4,6,index_csv,clinical,Клинический КП (есть коды МКБ)
minzdrav_protocols/psikhiatriya-narkologiya/КП_Оказание_медпомощи_пациентам_с_расстройствами_психологического_психического_развития_взр_и_детс_население_пост_МЗ_2022_108.pdf,psikhiatriya-narkologiya,КП_Оказание_медпомощи_пациентам_с_расстройствами_психологического_психического_развития_взр_и_детс_население_пост_МЗ_2022_108.pdf,186174,2026-05-30T13:54:48Z,2022,yes,1,mixed,Оказание медпомощи пациентам с расстройствами психологического психического развития взр и детс население пост. МЗ 2022 108,F80|F80.0|F80.1|F80.2|F80.3|F81|F81.0|F81.1|F81.2|F81.3|F82|F84,19,index_csv,clinical,Клинический КП (есть коды МКБ)
minzdrav_protocols/psikhiatriya-narkologiya/КП_Оказание_медпомощи_пациентам_с_расстройствами_сна_неорганической_этиологии_взр_и_детс_население_пост_МЗ_2022_108.pdf,psikhiatriya-narkologiya,КП_Оказание_медпомощи_пациентам_с_расстройствами_сна_неорганической_этиологии_взр_и_детс_население_пост_МЗ_2022_108.pdf,181888,2026-05-30T13:54:48Z,2022,yes,1,mixed,Оказание медпомощи пациентам с расстройствами сна неорганической этиологии взр и детс население пост. МЗ 2022 108,F51|F51.0|F51.1|F51.2|F51.3|F51.4|F51.5,7,index_csv,clinical,Клинический КП (есть коды МКБ)
minzdrav_protocols/psikhiatriya-narkologiya/КП_Оказание_медпомощи_пациентам_с_умственной_отсталостью_взр_и_детс_население_пост_МЗ_2022_108.pdf,psikhiatriya-narkologiya,КП_Оказание_медпомощи_пациентам_с_умственной_отсталостью_взр_и_детс_население_пост_МЗ_2022_108.pdf,167503,2026-05-30T13:54:49Z,2022,yes,1,mixed,Оказание медпомощи пациентам с умственной отсталостью взр и детс население пост. МЗ 2022 108,F70|F71|F72|F73,5,index_csv,clinical,Клинический КП (есть коды МКБ)
minzdrav_protocols/psikhiatriya-narkologiya/КП_Оказание_медпомощи_пациентам_с_шизофренией_взр_и_детс_население_пост_МЗ_2022_108.pdf,psikhiatriya-narkologiya,КП_Оказание_медпомощи_пациентам_с_шизофренией_взр_и_детс_население_пост_МЗ_2022_108.pdf,221127,2026-05-30T13:54:49Z,2022,yes,1,mixed,Оказание медпомощи пациентам с шизофренией взр и детс население пост. МЗ 2022 108,F20|F29|F20.0|F20.2|F21|F22|F23|F24|F25|F28|F20.1|F20.3,23,index_csv,clinical,Клинический КП (есть коды МКБ)
minzdrav_protocols/pulmonologiya-ftiziatriya/КП Ранняя диагностика и интенсивная терапия острого респираторного дистресс-синдрома 01.06.2017 № 48.pdf,pulmonologiya-ftiziatriya,КП Ранняя диагностика и интенсивная терапия острого респираторного дистресс-синдрома 01.06.2017 № 48.pdf,283829,2026-05-30T13:54:50Z,2017,no,4,mixed,Ранняя диагностика и интенсивная терапия острого респираторного дистресс-синдрома 01.06.2017 №48,J80,1,index_csv,clinical,Клинический КП (есть коды МКБ)
minzdrav_protocols/pulmonologiya-ftiziatriya/КП диагностики и лечения абсцесса легкого и средостения 05.07.2012 № 768.pdf,pulmonologiya-ftiziatriya,КП диагностики и лечения абсцесса легкого и средостения 05.07.2012 № 768.pdf,143864,2026-05-30T13:54:50Z,2012,no,2,mixed,диагностики и лечения абсцесса легкого и средостения 05.07.2012 №768,J85|J85.0|J85.1|J85.2|J85.3,6,index_csv,clinical,Клинический КП (есть коды МКБ)
minzdrav_protocols/pulmonologiya-ftiziatriya/КП диагностики и лечения бронхоэктатической болезни 05.07.2012 № 768.pdf,pulmonologiya-ftiziatriya,КП диагностики и лечения бронхоэктатической болезни 05.07.2012 № 768.pdf,154044,2026-05-30T13:54:50Z,2012,no,1,mixed,диагностики и лечения бронхоэктатической болезни 05.07.2012 №768,J47,1,index_csv,clinical,Клинический КП (есть коды МКБ)
minzdrav_protocols/pulmonologiya-ftiziatriya/КП диагностики и лечения интерстициальных легочных болезней 05.07.2012 № 768.pdf,pulmonologiya-ftiziatriya,КП диагностики и лечения интерстициальных легочных болезней 05.07.2012 № 768.pdf,151796,2026-05-30T13:54:51Z,2012,no,1,mixed,диагностики и лечения интерстициальных легочных болезней 05.07.2012 №768,J84|J84.0|J84.1|J84.8|J84.9,5,index_csv,clinical,Клинический КП (есть коды МКБ)
minzdrav_protocols/pulmonologiya-ftiziatriya/КП диагностики и лечения острого и хронического бронхита 05.07.2012 № 768.pdf,pulmonologiya-ftiziatriya,КП диагностики и лечения острого и хронического бронхита 05.07.2012 № 768.pdf,174090,2026-05-30T13:54:51Z,2012,no,1,mixed,диагностики и лечения острого и хронического бронхита 05.07.2012 №768,J41|J42|J20.0|J20.1|J20.2|J20.3|J20.4|J20.5|J20.6|J20.7|J20.9|J20,16,index_csv,clinical,Клинический КП (есть коды МКБ)
minzdrav_protocols/pulmonologiya-ftiziatriya/КП диагностики и лечения пациентов с пневмокониозами 28.06.2013 № 751.pdf,pulmonologiya-ftiziatriya,КП диагностики и лечения пациентов с пневмокониозами 28.06.2013 № 751.pdf,308920,2026-05-30T13:54:51Z,2013,no,1,mixed,диагностики и лечения пациентов с пневмокониозами 28.06.2013 №751,J62|J62.8|J62.0|J63.8|J60|J63.3|J63.5|J63.4|J68.0|J63.1|J64|J63.0,22,index_csv,clinical,Клинический КП (есть коды МКБ)
minzdrav_protocols/pulmonologiya-ftiziatriya/КП диагностики и лечения пациентов с профессиональной хронической обструктивной болезнью легких 28.06.2013 № 751.pdf,pulmonologiya-ftiziatriya,КП диагностики и лечения пациентов с профессиональной хронической обструктивной болезнью легких 28.06.2013 № 751.pdf,517975,2026-05-30T13:54:52Z,2013,no,1,mixed,диагностики и лечения пациентов с профессиональной хронической обструктивной болезнью легких 28.06.2013 №751,J68.4|J70.8|J68.0,3,index_csv,clinical,Клинический КП (есть коды МКБ)
minzdrav_protocols/pulmonologiya-ftiziatriya/КП диагностики и лечения пациентов с хроническим профессиональным бронхитом 28.06.2013 № 751.pdf,pulmonologiya-ftiziatriya,КП диагностики и лечения пациентов с хроническим профессиональным бронхитом 28.06.2013 № 751.pdf,242214,2026-05-30T13:54:52Z,2013,no,1,mixed,диагностики и лечения пациентов с хроническим профессиональным бронхитом 28.06.2013 №751,J44.1|J44.8|J44.9|J68.0,5,index_csv,clinical,Клинический КП (есть коды МКБ)
minzdrav_protocols/pulmonologiya-ftiziatriya/КП диагностики и лечения пиоторакса 05.07.2012 № 768.pdf,pulmonologiya-ftiziatriya,КП диагностики и лечения пиоторакса 05.07.2012 № 768.pdf,136500,2026-05-30T13:54:53Z,2012,no,2,mixed,диагностики и лечения пиоторакса 05.07.2012 №768,J86,1,index_csv,clinical,Клинический КП (есть коды МКБ)
minzdrav_protocols/pulmonologiya-ftiziatriya/КП диагностики и лечения пневмоний 05.07.2012 № 768.pdf,pulmonologiya-ftiziatriya,КП диагностики и лечения пневмоний 05.07.2012 № 768.pdf,238875,2026-05-30T13:54:53Z,2012,no,1,mixed,диагностики и лечения пневмоний 05.07.2012 №768,J12|J10|J13|J15|J11|J12.0|J12.1|J12.2|J12.8|J12.9|J14|J18,12,index_csv,clinical,Клинический КП (есть коды МКБ)
"minzdrav_protocols/pulmonologiya-ftiziatriya/КП медицинской реабилитации пациентов, перенесших пневмонию 04.12.2009_№1133.pdf",pulmonologiya-ftiziatriya,"КП медицинской реабилитации пациентов, перенесших пневмонию 04.12.2009_№1133.pdf",200349,2026-05-30T13:54:53Z,2009,no,1,any,"медицинской реабилитации пациентов, перенесших пневмонию 04.12.2009 №1133",,0,default,rehabilitation,Реабилитация (широкий охват МКБ)
minzdrav_protocols/pulmonologiya-ftiziatriya/КП_Диагностика_и_лечение_взр_население_с_бронхиальной_астмой_пост_МЗ_2024_84.pdf,pulmonologiya-ftiziatriya,КП_Диагностика_и_лечение_взр_население_с_бронхиальной_астмой_пост_МЗ_2024_84.pdf,635545,2026-05-30T13:54:54Z,2024,yes,2,adult,Диагностика и лечение взрослое население с бронхиальной астмой пост. МЗ 2024 84,J46,1,index_csv,clinical,Клинический КП (есть коды МКБ)
minzdrav_protocols/pulmonologiya-ftiziatriya/КП_Диагностика_и_лечение_пациентов_д-нас_с_бронхиальной_астмой_пост_МЗ_2025_38.pdf,pulmonologiya-ftiziatriya,КП_Диагностика_и_лечение_пациентов_д-нас_с_бронхиальной_астмой_пост_МЗ_2025_38.pdf,1567618,2026-05-30T13:54:54Z,2025,yes,3,pediatric,Диагностика и лечение пациентов детское население с бронхиальной астмой пост. МЗ 2025 38,J45.0|J45.1|J45.8|J45.9|J46,5,index_csv,clinical,Клинический КП (есть коды МКБ)
minzdrav_protocols/pulmonologiya-ftiziatriya/КП_Диагностика_и_лечение_пациентов_с_туберкулезом_взр_и_детс_население_пост_МЗ_16.12.2022_118.pdf,pulmonologiya-ftiziatriya,КП_Диагностика_и_лечение_пациентов_с_туберкулезом_взр_и_детс_население_пост_МЗ_16.12.2022_118.pdf,1538346,2026-05-30T13:54:55Z,2022,yes,2,mixed,Диагностика и лечение пациентов с туберкулезом взр и детс население пост. МЗ 16.12.2022 118,N74.1|N74.0|N51|N29.1|A15|A16|B90|J65|R76.1|Y58|Z03.0|Z11.1,23,index_csv,clinical,Клинический КП (есть коды МКБ)
minzdrav_protocols/pulmonologiya-ftiziatriya/КП_Диагностика_лечение_атипичных_пневмоний_детей_пост_МЗ_29.04.2023_65.pdf,pulmonologiya-ftiziatriya,КП_Диагностика_лечение_атипичных_пневмоний_детей_пост_МЗ_29.04.2023_65.pdf,185862,2026-05-30T13:54:55Z,2023,yes,2,pediatric,Диагностика лечение атипичных пневмоний детей пост. МЗ 29.04.2023 65,J15.7|J16.0|A48.1,3,index_csv,clinical,Клинический КП (есть коды МКБ)
minzdrav_protocols/pulmonologiya-ftiziatriya/КП_Диагностика_лечение_внебольничной_пневмонии_дет_взр_население_пост_МЗ_18.12.2023_204.pdf,pulmonologiya-ftiziatriya,КП_Диагностика_лечение_внебольничной_пневмонии_дет_взр_население_пост_МЗ_18.12.2023_204.pdf,241804,2026-05-30T13:54:56Z,2023,yes,1,mixed,Диагностика лечение внебольничной пневмонии дет взрослое население пост. МЗ 18.12.2023 204,J18.0|J12.9|J13|J14|J15.2|J15.3|J15.4|J15.9|J18.1|J18.2|J18.9,11,index_csv,clinical,Клинический КП (есть коды МКБ)
minzdrav_protocols/pulmonologiya-ftiziatriya/КП_Диагностика_лечение_микобактериоза_легких_в-нас_пост_МЗ_2025_33.pdf,pulmonologiya-ftiziatriya,КП_Диагностика_лечение_микобактериоза_легких_в-нас_пост_МЗ_2025_33.pdf,684816,2026-05-30T13:54:56Z,2025,yes,1,adult,Диагностика лечение микобактериоза легких взрослое население пост. МЗ 2025 33,A31.0|A31.8|A31.9,3,index_csv,clinical,Клинический КП (есть коды МКБ)
minzdrav_protocols/pulmonologiya-ftiziatriya/КП_Диагностика_лечение_муковисцидоза_дет_взр_население_пост_МЗ_18.12.2023_204.pdf,pulmonologiya-ftiziatriya,КП_Диагностика_лечение_муковисцидоза_дет_взр_население_пост_МЗ_18.12.2023_204.pdf,387577,2026-05-30T13:54:57Z,2023,yes,1,mixed,Диагностика лечение муковисцидоза дет взрослое население пост. МЗ 18.12.2023 204,E84.0|E84.8,2,index_csv,clinical,Клинический КП (есть коды МКБ)
minzdrav_protocols/pulmonologiya-ftiziatriya/КП_Диагностика_лечение_пациентов_в-нас_с_хронической_обструктивной_болезнью_легких_пост_МЗ_2025_31.pdf,pulmonologiya-ftiziatriya,КП_Диагностика_лечение_пациентов_в-нас_с_хронической_обструктивной_болезнью_легких_пост_МЗ_2025_31.pdf,448168,2026-05-30T13:54:57Z,2025,yes,1,adult,Диагностика лечение пациентов взрослое население с хронической обструктивной болезнью легких пост. МЗ 2025 31,J44,1,index_csv,clinical,Клинический КП (есть коды МКБ)
minzdrav_protocols/pulmonologiya-ftiziatriya/КП_Диагностика_лечение_первичной_цилиарной_дискинезии_дет_взр_население_пост_МЗ_18.12.2023_204.pdf,pulmonologiya-ftiziatriya,КП_Диагностика_лечение_первичной_цилиарной_дискинезии_дет_взр_население_пост_МЗ_18.12.2023_204.pdf,251661,2026-05-30T13:54:58Z,2023,yes,1,mixed,Диагностика лечение первичной цилиарной дискинезии дет взрослое население пост. МЗ 18.12.2023 204,Q89.3|J98.0|Q32.4|Q33.8,5,index_csv,clinical,Клинический КП (есть коды МКБ)
minzdrav_protocols/pulmonologiya-ftiziatriya/КП_Медицинская_реабилитация_пациентов_хронической_обструктивной_болезнью_легких_вз_нас_пост_МЗ_2026_4.pdf,pulmonologiya-ftiziatriya,КП_Медицинская_реабилитация_пациентов_хронической_обструктивной_болезнью_легких_вз_нас_пост_МЗ_2026_4.pdf,254350,2026-05-30T13:54:58Z,2026,yes,1,adult,Медицинская реабилитация пациентов хронической обструктивной болезнью легких вз нас пост. МЗ 2026 4,J44,1,index_csv,clinical,Клинический КП (есть коды МКБ)
minzdrav_protocols/pulmonologiya-ftiziatriya/КП_Оказание_экстренной_неотложной_медпомощи_пациентам_дет_возраста_пост_МЗ_17.08.2023_118.pdf,pulmonologiya-ftiziatriya,КП_Оказание_экстренной_неотложной_медпомощи_пациентам_дет_возраста_пост_МЗ_17.08.2023_118.pdf,466876,2026-05-30T13:54:58Z,2023,yes,5,pediatric,Оказание экстренной неотложной медпомощи пациентам дет возраста пост. МЗ 17.08.2023 118,T78.0|T78.2|T80.5|T81.1|T88.2|T88.6|T88.7|L50|L50.0|L50.1|L50.2|L50.3,19,index_csv,clinical,Клинический КП (есть коды МКБ)
minzdrav_protocols/pulmonologiya-ftiziatriya/КП_диагностика_лечение_саркоидозом_в-нас_пост_МЗ_2025_34.pdf,pulmonologiya-ftiziatriya,КП_диагностика_лечение_саркоидозом_в-нас_пост_МЗ_2025_34.pdf,203716,2026-05-30T13:54:59Z,2025,yes,1,adult,диагностика лечение саркоидозом взрослое население пост. МЗ 2025 34,D86,1,index_csv,clinical,Клинический КП (есть коды МКБ)
minzdrav_protocols/pulmonologiya-ftiziatriya/Протоколы медицинской реабилитации детей с болезнями органов дыхания 18.02.2011 №172.pdf,pulmonologiya-ftiziatriya,Протоколы медицинской реабилитации детей с болезнями органов дыхания 18.02.2011 №172.pdf,279649,2026-05-30T13:54:59Z,2011,no,1,pediatric,Протоколы медицинской реабилитации детей с болезнями органов дыхания 18.02.2011 №172,J41|J42|J43.0|J44|Q32|Q34|J37|J45,8,index_csv,clinical,Клинический КП (есть коды МКБ)
minzdrav_protocols/revmatologiya/КП диагностики и лечения пациентов (взрослое население) с ревматическими заболеваниями 10.05.2012 № 522.pdf,revmatologiya,КП диагностики и лечения пациентов (взрослое население) с ревматическими заболеваниями 10.05.2012 № 522.pdf,847874,2026-05-30T13:55:00Z,2012,no,1,adult,диагностики и лечения пациентов (взрослое население) с ревматическими заболеваниями 10.05.2012 №522,I00|I05|D69.0|I08|I08.9,5,index_csv,clinical,Клинический КП (есть коды МКБ)
minzdrav_protocols/revmatologiya/КП_Диагностика_лечение_пациентов_дет_нас_иммуновоспалительными_ревматическими_заболеваниями_пост_МЗ_2024_167.pdf,revmatologiya,КП_Диагностика_лечение_пациентов_дет_нас_иммуновоспалительными_ревматическими_заболеваниями_пост_МЗ_2024_167.pdf,414462,2026-05-30T13:55:00Z,2024,yes,2,pediatric,Диагностика лечение пациентов детское население иммуновоспалительными ревматическими заболеваниями пост. МЗ 2024 167,B27|B19|M08.1|M33.0|M34|M32|M08|M08.0|M08.2|M08.3|M08.4|M08.8,14,index_csv,clinical,Клинический КП (есть коды МКБ)
minzdrav_protocols/revmatologiya/Протоколы медицинской реабилитации детей с кардиоревматологической патологией 18.02.2011 №172.pdf,revmatologiya,Протоколы медицинской реабилитации детей с кардиоревматологической патологией 18.02.2011 №172.pdf,355264,2026-05-30T13:55:01Z,2011,no,2,pediatric,Протоколы медицинской реабилитации детей с кардиоревматологической патологией 18.02.2011 №172,,0,index_csv,rehabilitation,Реабилитация (широкий охват МКБ)
minzdrav_protocols/stomatologiya/01КП_Диагностика_и_лечение_пациентов_взр_насел_с_нейрогенными_заболеваниями_челюстно-лицевой_области_пост_МЗ_02.05.2023_66.pdf,stomatologiya,01КП_Диагностика_и_лечение_пациентов_взр_насел_с_нейрогенными_заболеваниями_челюстно-лицевой_области_пост_МЗ_02.05.2023_66.pdf,159953,2026-05-30T13:55:01Z,2023,yes,1,adult,01КП Диагностика и лечение пациентов взр насел с нейрогенными заболеваниями челюстно-лицевой области пост. МЗ 02.05.2023 66,G50|G50.0|G50.1|G51,5,index_csv,clinical,Клинический КП (есть коды МКБ)
minzdrav_protocols/stomatologiya/01КП_Диагностика_и_лечение_пациентов_взр_население_с_полной_адентией_пост_МЗ_10.08.2022_84.pdf,stomatologiya,01КП_Диагностика_и_лечение_пациентов_взр_население_с_полной_адентией_пост_МЗ_10.08.2022_84.pdf,158578,2026-05-30T13:55:02Z,2022,yes,1,adult,01КП Диагностика и лечение пациентов взрослое население с полной адентией пост. МЗ 10.08.2022 84,J01,1,index_csv,clinical,Клинический КП (есть коды МКБ)
minzdrav_protocols/stomatologiya/02КП_Диаг_и_леч_пациентов_взр_насел_с_болезнями_вен_лимфатических_сосудов_и_лимфатических_узлов_пост_МЗ_02.05.2023_66.pdf,stomatologiya,02КП_Диаг_и_леч_пациентов_взр_насел_с_болезнями_вен_лимфатических_сосудов_и_лимфатических_узлов_пост_МЗ_02.05.2023_66.pdf,206280,2026-05-30T13:55:02Z,2023,yes,1,adult,02КП Диаг и леч пациентов взр насел с болезнями вен лимфатических сосудов и лимфатических узлов пост. МЗ 02.05.2023 66,I80.8|I88.1,2,index_csv,clinical,Клинический КП (есть коды МКБ)
minzdrav_protocols/stomatologiya/02КП_Диагностика_и_лечение_пациентов_взр_население_с_частичной_адентией_пост_МЗ_10.08.2022_84.pdf,stomatologiya,02КП_Диагностика_и_лечение_пациентов_взр_население_с_частичной_адентией_пост_МЗ_10.08.2022_84.pdf,176482,2026-05-30T13:55:02Z,2022,yes,1,adult,02КП Диагностика и лечение пациентов взрослое население с частичной адентией пост. МЗ 10.08.2022 84,J01|K00.0,2,index_csv,clinical,Клинический КП (есть коды МКБ)
minzdrav_protocols/stomatologiya/03КП_Диагностика_и_лечение_пациентов_взр_насел_с_одонтогенным_верхнечелюстным_синуситом»_пост_МЗ_02.05.2023_66.pdf,stomatologiya,03КП_Диагностика_и_лечение_пациентов_взр_насел_с_одонтогенным_верхнечелюстным_синуситом»_пост_МЗ_02.05.2023_66.pdf,192098,2026-05-30T13:55:03Z,2023,yes,1,adult,03КП Диагностика и лечение пациентов взр насел с одонтогенным верхнечелюстным синуситом пост. МЗ 02.05.2023 66,J01.0|J32.0,2,index_csv,clinical,Клинический КП (есть коды МКБ)
minzdrav_protocols/stomatologiya/03КП_Диагностика_и_лечение_пациентов_взр_население_с_повышенным_стиранием_зубов_пост_МЗ_10.08.2022_84.pdf,stomatologiya,03КП_Диагностика_и_лечение_пациентов_взр_население_с_повышенным_стиранием_зубов_пост_МЗ_10.08.2022_84.pdf,197364,2026-05-30T13:55:03Z,2022,yes,1,adult,03КП Диагностика и лечение пациентов взрослое население с повышенным стиранием зубов пост. МЗ 10.08.2022 84,,0,index_csv,clinical_pending,Клинический КП (МКБ не извлечён из текста)
minzdrav_protocols/stomatologiya/04КП_Диагностика_и_лечение_пациентов_взр_насел_с_перфорацией_дна_верхнечелюстной_пазухи_свищом_верхнечелюстной_пазухи_пост_МЗ_02.05.2023_66.pdf,stomatologiya,04КП_Диагностика_и_лечение_пациентов_взр_насел_с_перфорацией_дна_верхнечелюстной_пазухи_свищом_верхнечелюстной_пазухи_пост_МЗ_02.05.2023_66.pdf,196953,2026-05-30T13:55:03Z,2023,yes,1,adult,04КП Диагностика и лечение пациентов взр насел с перфорацией дна верхнечелюстной пазухи свищом верхнечелюстной пазухи пост. МЗ 02.05.2023 66,J01.8|K04.6|K04.60,3,index_csv,clinical,Клинический КП (есть коды МКБ)
minzdrav_protocols/stomatologiya/04КП_Диагностика_и_лечение_пациентов_взр_население_с_болезнями_височно-нижнечелюстного_сустава_пост_МЗ_10.08.2022_84.pdf,stomatologiya,04КП_Диагностика_и_лечение_пациентов_взр_население_с_болезнями_височно-нижнечелюстного_сустава_пост_МЗ_10.08.2022_84.pdf,192207,2026-05-30T13:55:04Z,2022,yes,1,adult,04КП Диагностика и лечение пациентов взрослое население с болезнями височно-нижнечелюстного сустава пост. МЗ 10.08.2022 84,,0,index_csv,clinical_pending,Клинический КП (МКБ не извлечён из текста)
minzdrav_protocols/stomatologiya/05КП_Диагностика_и_лечение_пациентов_взр_и_дет_население_с_глубоким_прикусом_пост_МЗ_10.08.2022_84.pdf,stomatologiya,05КП_Диагностика_и_лечение_пациентов_взр_и_дет_население_с_глубоким_прикусом_пост_МЗ_10.08.2022_84.pdf,160881,2026-05-30T13:55:04Z,2022,yes,1,mixed,05КП Диагностика и лечение пациентов взр и дет население с глубоким прикусом пост. МЗ 10.08.2022 84,,0,index_csv,clinical_pending,Клинический КП (МКБ не извлечён из текста)
minzdrav_protocols/stomatologiya/05КП_Диагностика_и_лечение_пациентов_взр_насел_с_нарушением_прорезывания_зубов_перикоронитом_пост_МЗ_02.05.2023_66.pdf,stomatologiya,05КП_Диагностика_и_лечение_пациентов_взр_насел_с_нарушением_прорезывания_зубов_перикоронитом_пост_МЗ_02.05.2023_66.pdf,192418,2026-05-30T13:55:05Z,2023,yes,1,adult,05КП Диагностика и лечение пациентов взр насел с нарушением прорезывания зубов перикоронитом пост. МЗ 02.05.2023 66,K01.0|K01.1|K05.2|K05.22|K05.3|K05.32,6,index_csv,clinical,Клинический КП (есть коды МКБ)
minzdrav_protocols/stomatologiya/06КП_Диагностика_и_лечение_пациентов_взр_и_дет_население_с_дистальным_прикусом_пост_МЗ_10.08.2022_84.pdf,stomatologiya,06КП_Диагностика_и_лечение_пациентов_взр_и_дет_население_с_дистальным_прикусом_пост_МЗ_10.08.2022_84.pdf,171145,2026-05-30T13:55:05Z,2022,yes,1,mixed,06КП Диагностика и лечение пациентов взр и дет население с дистальным прикусом пост. МЗ 10.08.2022 84,,0,index_csv,clinical_pending,Клинический КП (МКБ не извлечён из текста)
minzdrav_protocols/stomatologiya/06КП_Диагностика_и_лечение_пациентов_взр_насел_с_хроническим_апикальным_периодонтитом_корневой_кистой_пост_МЗ_02.05.2023_66.pdf,stomatologiya,06КП_Диагностика_и_лечение_пациентов_взр_насел_с_хроническим_апикальным_периодонтитом_корневой_кистой_пост_МЗ_02.05.2023_66.pdf,190443,2026-05-30T13:55:05Z,2023,yes,1,adult,06КП Диагностика и лечение пациентов взр насел с хроническим апикальным периодонтитом корневой кистой пост. МЗ 02.05.2023 66,K04.5,1,index_csv,clinical,Клинический КП (есть коды МКБ)
minzdrav_protocols/stomatologiya/07КП_Диагностика_и_лечение_пациентов_взр_и_дет_население_с_перекрестным_прикусом_пост_МЗ_10.08.2022_84.pdf,stomatologiya,07КП_Диагностика_и_лечение_пациентов_взр_и_дет_население_с_перекрестным_прикусом_пост_МЗ_10.08.2022_84.pdf,167426,2026-05-30T13:55:06Z,2022,yes,1,mixed,07КП Диагностика и лечение пациентов взр и дет население с перекрестным прикусом пост. МЗ 10.08.2022 84,,0,index_csv,clinical_pending,Клинический КП (МКБ не извлечён из текста)
minzdrav_protocols/stomatologiya/07КП_Диагностика_и_лечение_пациентов_взр_насел_с_гипертрофией_десны_эпулисом_пост_МЗ_02.05.2023_66.pdf,stomatologiya,07КП_Диагностика_и_лечение_пациентов_взр_насел_с_гипертрофией_десны_эпулисом_пост_МЗ_02.05.2023_66.pdf,192020,2026-05-30T13:55:06Z,2023,yes,1,adult,07КП Диагностика и лечение пациентов взр насел с гипертрофией десны эпулисом пост. МЗ 02.05.2023 66,K06.1|K06.2|K06.8|K06.81|K06.82,5,index_csv,clinical,Клинический КП (есть коды МКБ)
minzdrav_protocols/stomatologiya/08КП_Диагностика_и_лечение_пациентов_взр_и_дет_население_с_аномалиями_положения_зубов_пост_МЗ_10.08.2022_84.pdf,stomatologiya,08КП_Диагностика_и_лечение_пациентов_взр_и_дет_население_с_аномалиями_положения_зубов_пост_МЗ_10.08.2022_84.pdf,172047,2026-05-30T13:55:07Z,2022,yes,1,mixed,08КП Диагностика и лечение пациентов взр и дет население с аномалиями положения зубов пост. МЗ 10.08.2022 84,,0,index_csv,clinical_pending,Клинический КП (МКБ не извлечён из текста)
minzdrav_protocols/stomatologiya/08КП_Диагностика_и_лечение_пациентов_взр_насел_с_херувизмом_дисплазией_мыщелкового_отростка_пост_МЗ_02.05.2023_66.pdf,stomatologiya,08КП_Диагностика_и_лечение_пациентов_взр_насел_с_херувизмом_дисплазией_мыщелкового_отростка_пост_МЗ_02.05.2023_66.pdf,190245,2026-05-30T13:55:07Z,2023,yes,1,adult,08КП Диагностика и лечение пациентов взр насел с херувизмом дисплазией мыщелкового отростка пост. МЗ 02.05.2023 66,K10.8|K10.80|K10.81|K10.82|K10.83,5,index_csv,clinical,Клинический КП (есть коды МКБ)
minzdrav_protocols/stomatologiya/09КП_Диагностика_и_лечение_пациентов_взр_и_дет_население_с_мезиальным_прикусом_пост_МЗ_10.08.2022_84.pdf,stomatologiya,09КП_Диагностика_и_лечение_пациентов_взр_и_дет_население_с_мезиальным_прикусом_пост_МЗ_10.08.2022_84.pdf,169401,2026-05-30T13:55:07Z,2022,yes,1,mixed,09КП Диагностика и лечение пациентов взр и дет население с мезиальным прикусом пост. МЗ 10.08.2022 84,,0,index_csv,clinical_pending,Клинический КП (МКБ не извлечён из текста)
minzdrav_protocols/stomatologiya/09КП_Диагностика_и_лечение_пациентов_взр_насел_с_инфекционно-воспалительными_заболеваниями_мягких_тканей_пост_МЗ_02.05.2023_66.pdf,stomatologiya,09КП_Диагностика_и_лечение_пациентов_взр_насел_с_инфекционно-воспалительными_заболеваниями_мягких_тканей_пост_МЗ_02.05.2023_66.pdf,212475,2026-05-30T13:55:08Z,2023,yes,1,adult,09КП Диагностика и лечение пациентов взр насел с инфекционно-воспалительными заболеваниями мягких тканей пост. МЗ 02.05.2023 66,L02.0|L02.1|L03.2,3,index_csv,clinical,Клинический КП (есть коды МКБ)
minzdrav_protocols/stomatologiya/10КП_Диагностика_и_лечение_пациентов_взр_и_дет_население_с_открытым_прикусом_пост_МЗ_10.08.2022_84.pdf,stomatologiya,10КП_Диагностика_и_лечение_пациентов_взр_и_дет_население_с_открытым_прикусом_пост_МЗ_10.08.2022_84.pdf,161882,2026-05-30T13:55:08Z,2022,yes,1,mixed,10КП Диагностика и лечение пациентов взр и дет население с открытым прикусом пост. МЗ 10.08.2022 84,,0,index_csv,clinical_pending,Клинический КП (МКБ не извлечён из текста)
minzdrav_protocols/stomatologiya/10КП_Диагностика_и_лечение_пациентов_взр_насел_с_острым_лимфаденитом_челюстно-лицевой_области_и_шеи_пост_МЗ_02.05.2023_66.pdf,stomatologiya,10КП_Диагностика_и_лечение_пациентов_взр_насел_с_острым_лимфаденитом_челюстно-лицевой_области_и_шеи_пост_МЗ_02.05.2023_66.pdf,206291,2026-05-30T13:55:09Z,2023,yes,1,adult,10КП Диагностика и лечение пациентов взр насел с острым лимфаденитом челюстно-лицевой области и шеи пост. МЗ 02.05.2023 66,L04.0,2,index_csv,clinical,Клинический КП (есть коды МКБ)
minzdrav_protocols/stomatologiya/11КП_Диагностика_и_лечение_пациентов_взр_насел_с_посттравматическими_осложнениями_пост_МЗ_02.05.2023_66.pdf,stomatologiya,11КП_Диагностика_и_лечение_пациентов_взр_насел_с_посттравматическими_осложнениями_пост_МЗ_02.05.2023_66.pdf,202961,2026-05-30T13:55:09Z,2023,yes,1,adult,11КП Диагностика и лечение пациентов взр насел с посттравматическими осложнениями пост. МЗ 02.05.2023 66,M84.0|M84.1|M95.0|M95.2,4,index_csv,clinical,Клинический КП (есть коды МКБ)
minzdrav_protocols/stomatologiya/12КП_«Диагностика_и_лечение_пациентов_взр_насел_с_врожденными_аномалиями_глаза_уха_лица_и_шеи_пост_МЗ_02.05.2023_66.pdf,stomatologiya,12КП_«Диагностика_и_лечение_пациентов_взр_насел_с_врожденными_аномалиями_глаза_уха_лица_и_шеи_пост_МЗ_02.05.2023_66.pdf,195426,2026-05-30T13:55:09Z,2023,yes,1,adult,12КП Диагностика и лечение пациентов взр насел с врожденными аномалиями глаза уха лица и шеи пост. МЗ 02.05.2023 66,Q10|Q18|Q10.0|Q10.1|Q10.2|Q16.0|Q17.0|Q17.1|Q17.2|Q17.3|Q17.4|Q17.5,19,index_csv,clinical,Клинический КП (есть коды МКБ)
minzdrav_protocols/stomatologiya/Диагностика и лечение пациентов с заболеваниями челюстно-лицевой области 04.08.2017 № 80.pdf,stomatologiya,Диагностика и лечение пациентов с заболеваниями челюстно-лицевой области 04.08.2017 № 80.pdf,533469,2026-04-04T09:40:08Z,2017,no,2,any,Диагностика и лечение пациентов с заболеваниями челюстно-лицевой области 04.08.2017 №80,K07.9,1,default,clinical,Клинический КП (есть коды МКБ)
minzdrav_protocols/stomatologiya/КП10_воспалительные_заболевания_челюстей.pdf,stomatologiya,КП10_воспалительные_заболевания_челюстей.pdf,192203,2026-05-30T13:55:10Z,,no,1,adult,воспалительные заболевания челюстей,K04.7,1,index_csv,clinical,Клинический КП (есть коды МКБ)
minzdrav_protocols/stomatologiya/КП11_периимплантит.pdf,stomatologiya,КП11_периимплантит.pdf,160393,2026-05-30T13:55:10Z,,no,1,adult,периимплантит,K06.2,1,index_csv,clinical,Клинический КП (есть коды МКБ)
minzdrav_protocols/stomatologiya/КП12_альвеолит.pdf,stomatologiya,КП12_альвеолит.pdf,155667,2026-05-30T13:55:11Z,,no,1,adult,альвеолит,K04.5,1,index_csv,clinical,Клинический КП (есть коды МКБ)
minzdrav_protocols/stomatologiya/КП13_заболевания_слюнных_желез.pdf,stomatologiya,КП13_заболевания_слюнных_желез.pdf,166504,2026-05-30T13:55:11Z,,no,1,adult,заболевания слюнных желез,K11.2|K11.3|K11.4|K11.5,4,index_csv,clinical,Клинический КП (есть коды МКБ)
minzdrav_protocols/stomatologiya/КП14_флегмоны_и_абсцессы_области_рта.pdf,stomatologiya,КП14_флегмоны_и_абсцессы_области_рта.pdf,165680,2026-05-30T13:55:11Z,,no,1,adult,флегмоны и абсцессы области рта,K04.7|K12.2,2,index_csv,clinical,Клинический КП (есть коды МКБ)
minzdrav_protocols/stomatologiya/КП15_гранулема_слизистой_полости_рта.pdf,stomatologiya,КП15_гранулема_слизистой_полости_рта.pdf,159401,2026-05-30T13:55:12Z,,no,1,adult,гранулема слизистой полости рта,,0,index_csv,clinical_pending,Клинический КП (МКБ не извлечён из текста)
minzdrav_protocols/stomatologiya/КП16_открытая_рана_ЧЛО.pdf,stomatologiya,КП16_открытая_рана_ЧЛО.pdf,162206,2026-05-30T13:55:12Z,,no,1,adult,открытая рана ЧЛО,S01.4|S01.5|S01.7,3,index_csv,clinical,Клинический КП (есть коды МКБ)
minzdrav_protocols/stomatologiya/КП17_перелом_лицевых_костей_1.pdf,stomatologiya,КП17_перелом_лицевых_костей_1.pdf,180371,2026-05-30T13:55:13Z,,no,1,adult,перелом лицевых костей 1,S02.4|S02.3|S02.6,3,index_csv,clinical,Клинический КП (есть коды МКБ)
minzdrav_protocols/stomatologiya/КП18_вывих_нижней_челюсти.pdf,stomatologiya,КП18_вывих_нижней_челюсти.pdf,155787,2026-05-30T13:55:13Z,,no,1,adult,вывих нижней челюсти,S03.0,1,index_csv,clinical,Клинический КП (есть коды МКБ)
minzdrav_protocols/stomatologiya/КП19_подкожная_эмфизема_ЧЛО.pdf,stomatologiya,КП19_подкожная_эмфизема_ЧЛО.pdf,156123,2026-05-30T13:55:14Z,,no,1,adult,подкожная эмфизема ЧЛО,T79.7|T81.8,2,index_csv,clinical,Клинический КП (есть коды МКБ)
minzdrav_protocols/stomatologiya/КП1_ДНО_слюнных_желез.pdf,stomatologiya,КП1_ДНО_слюнных_желез.pdf,163591,2026-05-30T13:55:14Z,,no,1,adult,ДНО слюнных желез,D10.3|D11|D11.0|D11.7|D11.9|K11.8,6,index_csv,clinical,Клинический КП (есть коды МКБ)
minzdrav_protocols/stomatologiya/КП20_осложнения_хирургических_и_терапевтических_вмешательств_в_ЧЛО.pdf,stomatologiya,КП20_осложнения_хирургических_и_терапевтических_вмешательств_в_ЧЛО.pdf,171673,2026-05-30T13:55:14Z,,no,1,adult,осложнения хирургических и терапевтических вмешательств в ЧЛО,,0,index_csv,clinical_pending,Клинический КП (МКБ не извлечён из текста)
minzdrav_protocols/stomatologiya/КП21_рубцовые_деформации_и_дефекты_мягких_тканей_лица.pdf,stomatologiya,КП21_рубцовые_деформации_и_дефекты_мягких_тканей_лица.pdf,162194,2026-05-30T13:55:15Z,,no,1,adult,рубцовые деформации и дефекты мягких тканей лица,T90.1,1,index_csv,clinical,Клинический КП (есть коды МКБ)
minzdrav_protocols/stomatologiya/КП22_последствия_перелома_костей_лица.pdf,stomatologiya,КП22_последствия_перелома_костей_лица.pdf,172331,2026-05-30T13:55:15Z,,no,1,adult,последствия перелома костей лица,T90.2,1,index_csv,clinical,Клинический КП (есть коды МКБ)
minzdrav_protocols/stomatologiya/КП23_паралич_мимических_мышц_вследствие_травмы_лицевого_нерва.pdf,stomatologiya,КП23_паралич_мимических_мышц_вследствие_травмы_лицевого_нерва.pdf,166800,2026-05-30T13:55:16Z,,no,1,adult,паралич мимических мышц вследствие травмы лицевого нерва,T90.3,1,index_csv,clinical,Клинический КП (есть коды МКБ)
minzdrav_protocols/stomatologiya/КП2_ДНО_костей_черепа_и_лица.pdf,stomatologiya,КП2_ДНО_костей_черепа_и_лица.pdf,168264,2026-05-30T13:55:16Z,,no,1,adult,ДНО костей черепа и лица,D16.4|D16.5,2,index_csv,clinical,Клинический КП (есть коды МКБ)
minzdrav_protocols/stomatologiya/КП3_ДНО_мягких_тканей_ЧЛО.pdf,stomatologiya,КП3_ДНО_мягких_тканей_ЧЛО.pdf,159188,2026-05-30T13:55:17Z,,no,1,adult,ДНО мягких тканей ЧЛО,D17.0|D21.0,2,index_csv,clinical,Клинический КП (есть коды МКБ)
minzdrav_protocols/stomatologiya/КП4_гемангиома_ЧЛО.pdf,stomatologiya,КП4_гемангиома_ЧЛО.pdf,175485,2026-05-30T13:55:18Z,,no,1,adult,гемангиома ЧЛО,D18.0,1,index_csv,clinical,Клинический КП (есть коды МКБ)
minzdrav_protocols/stomatologiya/КП5_лимфангиома_ЧЛО.pdf,stomatologiya,КП5_лимфангиома_ЧЛО.pdf,160143,2026-05-30T13:55:18Z,,no,1,adult,лимфангиома ЧЛО,D18.1,1,index_csv,clinical,Клинический КП (есть коды МКБ)
"minzdrav_protocols/stomatologiya/КП6_ДНО_кожи,_меланоформный_невус_лица.pdf",stomatologiya,"КП6_ДНО_кожи,_меланоформный_невус_лица.pdf",159348,2026-05-30T13:55:18Z,,no,1,adult,"ДНО кожи, меланоформный невус лица",D22.0|D22.3|D23|D23.0|D23.3,5,index_csv,clinical,Клинический КП (есть коды МКБ)
minzdrav_protocols/stomatologiya/КП7_нарушения_развития_челюстей.pdf,stomatologiya,КП7_нарушения_развития_челюстей.pdf,164543,2026-05-30T13:55:19Z,,no,1,adult,нарушения развития челюстей,K07.9,1,index_csv,clinical,Клинический КП (есть коды МКБ)
minzdrav_protocols/stomatologiya/КП8_кисты_области_рта_НКДР.pdf,stomatologiya,КП8_кисты_области_рта_НКДР.pdf,173199,2026-05-30T13:55:19Z,,no,1,adult,кисты области рта НКДР,,0,index_csv,clinical_pending,Клинический КП (МКБ не извлечён из текста)
minzdrav_protocols/stomatologiya/КП9_гигантоклеточная_гранулема_центральная.pdf,stomatologiya,КП9_гигантоклеточная_гранулема_центральная.pdf,174445,2026-05-30T13:55:20Z,,no,1,adult,гигантоклеточная гранулема центральная,K01.1,1,index_csv,clinical,Клинический КП (есть коды МКБ)
minzdrav_protocols/stomatologiya/КП_Диагностика_и_лечение_пациентов_взр_нас_с_аномалиями_формы_и_размеров_зубов_пост_МЗ_11.01.2023_4.pdf,stomatologiya,КП_Диагностика_и_лечение_пациентов_взр_нас_с_аномалиями_формы_и_размеров_зубов_пост_МЗ_11.01.2023_4.pdf,159952,2026-05-30T13:55:21Z,2023,yes,1,adult,Диагностика и лечение пациентов взрослое население с аномалиями формы и размеров зубов пост. МЗ 11.01.2023 4,,0,index_csv,clinical_pending,Клинический КП (МКБ не извлечён из текста)
minzdrav_protocols/stomatologiya/КП_Диагностика_и_лечение_пациентов_взр_нас_с_болезнью_губ_хейлитом_пост_МЗ_11.01.2023_4.pdf,stomatologiya,КП_Диагностика_и_лечение_пациентов_взр_нас_с_болезнью_губ_хейлитом_пост_МЗ_11.01.2023_4.pdf,166543,2026-05-30T13:55:21Z,2023,yes,1,adult,Диагностика и лечение пациентов взрослое население с болезнью губ хейлитом пост. МЗ 11.01.2023 4,K13.00,1,index_csv,clinical,Клинический КП (есть коды МКБ)
minzdrav_protocols/stomatologiya/КП_Диагностика_и_лечение_пациентов_взр_нас_с_болезнями_периапикальных_тканей_постоянных_зубов_пост_МЗ_11.01.2023_4.pdf,stomatologiya,КП_Диагностика_и_лечение_пациентов_взр_нас_с_болезнями_периапикальных_тканей_постоянных_зубов_пост_МЗ_11.01.2023_4.pdf,170428,2026-05-30T13:55:22Z,2023,yes,1,adult,Диагностика и лечение пациентов взрослое население с болезнями периапикальных тканей постоянных зубов пост. МЗ 11.01.2023 4,,0,index_csv,clinical_pending,Клинический КП (МКБ не извлечён из текста)
minzdrav_protocols/stomatologiya/КП_Диагностика_и_лечение_пациентов_взр_нас_с_болезнями_пульпы_постоянных_зубов_пост_МЗ_11.01.2023_4.pdf,stomatologiya,КП_Диагностика_и_лечение_пациентов_взр_нас_с_болезнями_пульпы_постоянных_зубов_пост_МЗ_11.01.2023_4.pdf,178646,2026-05-30T13:55:22Z,2023,yes,1,adult,Диагностика и лечение пациентов взрослое население с болезнями пульпы постоянных зубов пост. МЗ 11.01.2023 4,,0,index_csv,clinical_pending,Клинический КП (МКБ не извлечён из текста)
minzdrav_protocols/stomatologiya/КП_Диагностика_и_лечение_пациентов_взр_нас_с_болезнями_языка_пост_МЗ_11.01.2023_4.pdf,stomatologiya,КП_Диагностика_и_лечение_пациентов_взр_нас_с_болезнями_языка_пост_МЗ_11.01.2023_4.pdf,166922,2026-05-30T13:55:22Z,2023,yes,1,adult,Диагностика и лечение пациентов взрослое население с болезнями языка пост. МЗ 11.01.2023 4,D07,1,index_csv,clinical,Клинический КП (есть коды МКБ)
minzdrav_protocols/stomatologiya/КП_Диагностика_и_лечение_пациентов_взр_нас_с_вывихом_постоянного_зуба_пост_МЗ_11.01.2023_4.pdf,stomatologiya,КП_Диагностика_и_лечение_пациентов_взр_нас_с_вывихом_постоянного_зуба_пост_МЗ_11.01.2023_4.pdf,163303,2026-05-30T13:55:23Z,2023,yes,1,adult,Диагностика и лечение пациентов взрослое население с вывихом постоянного зуба пост. МЗ 11.01.2023 4,S03.2|S03.20|S03.21|S03.22,4,index_csv,clinical,Клинический КП (есть коды МКБ)
minzdrav_protocols/stomatologiya/КП_Диагностика_и_лечение_пациентов_взр_нас_с_гингивитом_пост_МЗ_11.01.2023_4.pdf,stomatologiya,КП_Диагностика_и_лечение_пациентов_взр_нас_с_гингивитом_пост_МЗ_11.01.2023_4.pdf,223980,2026-05-30T13:55:23Z,2023,yes,1,adult,Диагностика и лечение пациентов взрослое население с гингивитом пост. МЗ 11.01.2023 4,J01|J05|D01|M01|D07,5,index_csv,clinical,Клинический КП (есть коды МКБ)
minzdrav_protocols/stomatologiya/КП_Диагностика_и_лечение_пациентов_взр_нас_с_гипоплазией_эмали_пост_МЗ_11.01.2023_4.pdf,stomatologiya,КП_Диагностика_и_лечение_пациентов_взр_нас_с_гипоплазией_эмали_пост_МЗ_11.01.2023_4.pdf,161147,2026-05-30T13:55:24Z,2023,yes,1,adult,Диагностика и лечение пациентов взрослое население с гипоплазией эмали пост. МЗ 11.01.2023 4,K00.40|K00.43|K00.46,3,index_csv,clinical,Клинический КП (есть коды МКБ)
minzdrav_protocols/stomatologiya/КП_Диагностика_и_лечение_пациентов_взр_нас_с_другим_уточненным_сошлифовыванием_зубов_абфракционным_дефектом_пост_МЗ_11.01.2023_4.pdf,stomatologiya,КП_Диагностика_и_лечение_пациентов_взр_нас_с_другим_уточненным_сошлифовыванием_зубов_абфракционным_дефектом_пост_МЗ_11.01.2023_4.pdf,159392,2026-05-30T13:55:24Z,2023,yes,1,adult,Диагностика и лечение пациентов взрослое население с другим уточненным сошлифовыванием зубов абфракционным дефектом пост. МЗ 11.01.2023 4,,0,index_csv,clinical_pending,Клинический КП (МКБ не извлечён из текста)
minzdrav_protocols/stomatologiya/КП_Диагностика_и_лечение_пациентов_взр_нас_с_изменением_цвета_зубов_вследствие_применения_тетрациклина_пост_МЗ_11.01.2023_4.pdf,stomatologiya,КП_Диагностика_и_лечение_пациентов_взр_нас_с_изменением_цвета_зубов_вследствие_применения_тетрациклина_пост_МЗ_11.01.2023_4.pdf,157663,2026-05-30T13:55:24Z,2023,yes,1,adult,Диагностика и лечение пациентов взрослое население с изменением цвета зубов вследствие применения тетрациклина пост. МЗ 11.01.2023 4,,0,index_csv,clinical_pending,Клинический КП (МКБ не извлечён из текста)
minzdrav_protocols/stomatologiya/КП_Диагностика_и_лечение_пациентов_взр_нас_с_изменением_цвета_твердых_тканей_зубов_после_прорезывания_пост_МЗ_11.01.2023_4.pdf,stomatologiya,КП_Диагностика_и_лечение_пациентов_взр_нас_с_изменением_цвета_твердых_тканей_зубов_после_прорезывания_пост_МЗ_11.01.2023_4.pdf,158330,2026-05-30T13:55:25Z,2023,yes,1,adult,Диагностика и лечение пациентов взрослое население с изменением цвета твердых тканей зубов после прорезывания пост. МЗ 11.01.2023 4,,0,index_csv,clinical_pending,Клинический КП (МКБ не извлечён из текста)
minzdrav_protocols/stomatologiya/КП_Диагностика_и_лечение_пациентов_взр_нас_с_кандидозным_стоматитом_пост_МЗ_11.01.2023_4.pdf,stomatologiya,КП_Диагностика_и_лечение_пациентов_взр_нас_с_кандидозным_стоматитом_пост_МЗ_11.01.2023_4.pdf,176310,2026-05-30T13:55:25Z,2023,yes,1,adult,Диагностика и лечение пациентов взрослое население с кандидозным стоматитом пост. МЗ 11.01.2023 4,L03,1,index_csv,clinical,Клинический КП (есть коды МКБ)
minzdrav_protocols/stomatologiya/КП_Диагностика_и_лечение_пациентов_взр_нас_с_кариесом_постоянных_зубов_пост_МЗ_11.01.2023_4.pdf,stomatologiya,КП_Диагностика_и_лечение_пациентов_взр_нас_с_кариесом_постоянных_зубов_пост_МЗ_11.01.2023_4.pdf,163850,2026-05-30T13:55:25Z,2023,yes,1,adult,Диагностика и лечение пациентов взрослое население с кариесом постоянных зубов пост. МЗ 11.01.2023 4,,0,index_csv,clinical_pending,Клинический КП (МКБ не извлечён из текста)
minzdrav_protocols/stomatologiya/КП_Диагностика_и_лечение_пациентов_взр_нас_с_крапчатыми_зубами_пост_МЗ_11.01.2023_4.pdf,stomatologiya,КП_Диагностика_и_лечение_пациентов_взр_нас_с_крапчатыми_зубами_пост_МЗ_11.01.2023_4.pdf,159594,2026-05-30T13:55:26Z,2023,yes,1,adult,Диагностика и лечение пациентов взрослое население с крапчатыми зубами пост. МЗ 11.01.2023 4,,0,index_csv,clinical_pending,Клинический КП (МКБ не извлечён из текста)
minzdrav_protocols/stomatologiya/КП_Диагностика_и_лечение_пациентов_взр_нас_с_лейкоплакией_пост_МЗ_11.01.2023_4.pdf,stomatologiya,КП_Диагностика_и_лечение_пациентов_взр_нас_с_лейкоплакией_пост_МЗ_11.01.2023_4.pdf,180665,2026-05-30T13:55:26Z,2023,yes,1,adult,Диагностика и лечение пациентов взрослое население с лейкоплакией пост. МЗ 11.01.2023 4,D01|D07|K13.2|K13.24|K13.3,5,index_csv,clinical,Клинический КП (есть коды МКБ)
minzdrav_protocols/stomatologiya/КП_Диагностика_и_лечение_пациентов_взр_нас_с_нарушением_прорезывания_зубов_пост_МЗ_11.01.2023_4.pdf,stomatologiya,КП_Диагностика_и_лечение_пациентов_взр_нас_с_нарушением_прорезывания_зубов_пост_МЗ_11.01.2023_4.pdf,153562,2026-05-30T13:55:27Z,2023,yes,1,adult,Диагностика и лечение пациентов взрослое население с нарушением прорезывания зубов пост. МЗ 11.01.2023 4,,0,index_csv,clinical_pending,Клинический КП (МКБ не извлечён из текста)
minzdrav_protocols/stomatologiya/КП_Диагностика_и_лечение_пациентов_взр_нас_с_наследственными_нарушениями_структуры_зубов_пост_МЗ_11.01.2023_4.pdf,stomatologiya,КП_Диагностика_и_лечение_пациентов_взр_нас_с_наследственными_нарушениями_структуры_зубов_пост_МЗ_11.01.2023_4.pdf,163097,2026-05-30T13:55:27Z,2023,yes,1,adult,Диагностика и лечение пациентов взрослое население с наследственными нарушениями структуры зубов пост. МЗ 11.01.2023 4,,0,index_csv,clinical_pending,Клинический КП (МКБ не извлечён из текста)
minzdrav_protocols/stomatologiya/КП_Диагностика_и_лечение_пациентов_взр_нас_с_отложениями_на_зубах_пост_МЗ_11.01.2023_4.pdf,stomatologiya,КП_Диагностика_и_лечение_пациентов_взр_нас_с_отложениями_на_зубах_пост_МЗ_11.01.2023_4.pdf,163420,2026-05-30T13:55:27Z,2023,yes,1,adult,Диагностика и лечение пациентов взрослое население с отложениями на зубах пост. МЗ 11.01.2023 4,,0,index_csv,clinical_pending,Клинический КП (МКБ не извлечён из текста)
minzdrav_protocols/stomatologiya/КП_Диагностика_и_лечение_пациентов_взр_нас_с_переломом_постоянного_зуба_пост_МЗ_11.01.2023_4.pdf,stomatologiya,КП_Диагностика_и_лечение_пациентов_взр_нас_с_переломом_постоянного_зуба_пост_МЗ_11.01.2023_4.pdf,173877,2026-05-30T13:55:28Z,2023,yes,1,adult,Диагностика и лечение пациентов взрослое население с переломом постоянного зуба пост. МЗ 11.01.2023 4,S02.5|S02.50|S02.51|S02.52|S02.53|S02.54|S02.57|S02.59,8,index_csv,clinical,Клинический КП (есть коды МКБ)
minzdrav_protocols/stomatologiya/КП_Диагностика_и_лечение_пациентов_взр_нас_с_периодонтитом_пост_МЗ_11.01.2023_4.pdf,stomatologiya,КП_Диагностика_и_лечение_пациентов_взр_нас_с_периодонтитом_пост_МЗ_11.01.2023_4.pdf,231789,2026-05-30T13:55:28Z,2023,yes,1,adult,Диагностика и лечение пациентов взрослое население с периодонтитом пост. МЗ 11.01.2023 4,J01|J05|D01|M01|D07,5,index_csv,clinical,Клинический КП (есть коды МКБ)
minzdrav_protocols/stomatologiya/КП_Диагностика_и_лечение_пациентов_взр_нас_с_ретенированными_и_импактными_зубами_пост_МЗ_11.01.2023_4.pdf,stomatologiya,КП_Диагностика_и_лечение_пациентов_взр_нас_с_ретенированными_и_импактными_зубами_пост_МЗ_11.01.2023_4.pdf,157034,2026-05-30T13:55:28Z,2023,yes,1,adult,Диагностика и лечение пациентов взрослое население с ретенированными и импактными зубами пост. МЗ 11.01.2023 4,,0,index_csv,clinical_pending,Клинический КП (МКБ не извлечён из текста)
minzdrav_protocols/stomatologiya/КП_Диагностика_и_лечение_пациентов_взр_нас_с_рецессией_десны_пост_МЗ_11.01.2023_4.pdf,stomatologiya,КП_Диагностика_и_лечение_пациентов_взр_нас_с_рецессией_десны_пост_МЗ_11.01.2023_4.pdf,170233,2026-05-30T13:55:29Z,2023,yes,1,adult,Диагностика и лечение пациентов взрослое население с рецессией десны пост. МЗ 11.01.2023 4,,0,index_csv,clinical_pending,Клинический КП (МКБ не извлечён из текста)
minzdrav_protocols/stomatologiya/КП_Диагностика_и_лечение_пациентов_взр_нас_с_сошлифовыванием_абразивным_износом_зубов_пост_МЗ_11.01.2023_4.pdf,stomatologiya,КП_Диагностика_и_лечение_пациентов_взр_нас_с_сошлифовыванием_абразивным_износом_зубов_пост_МЗ_11.01.2023_4.pdf,159147,2026-05-30T13:55:29Z,2023,yes,1,adult,Диагностика и лечение пациентов взрослое население с сошлифовыванием абразивным износом зубов пост. МЗ 11.01.2023 4,,0,index_csv,clinical_pending,Клинический КП (МКБ не извлечён из текста)
minzdrav_protocols/stomatologiya/КП_Диагностика_и_лечение_пациентов_взр_нас_с_чувствительным_дентином_пост_МЗ_11.01.2023_4.pdf,stomatologiya,КП_Диагностика_и_лечение_пациентов_взр_нас_с_чувствительным_дентином_пост_МЗ_11.01.2023_4.pdf,161611,2026-05-30T13:55:30Z,2023,yes,1,adult,Диагностика и лечение пациентов взрослое население с чувствительным дентином пост. МЗ 11.01.2023 4,,0,index_csv,clinical_pending,Клинический КП (МКБ не извлечён из текста)
minzdrav_protocols/stomatologiya/КП_Диагностика_и_лечение_пациентов_взр_нас_с_эндопериодонтитом_пост_МЗ_11.01.2023_4.pdf,stomatologiya,КП_Диагностика_и_лечение_пациентов_взр_нас_с_эндопериодонтитом_пост_МЗ_11.01.2023_4.pdf,220711,2026-05-30T13:55:30Z,2023,yes,1,adult,Диагностика и лечение пациентов взрослое население с эндопериодонтитом пост. МЗ 11.01.2023 4,J01|J05|D01|M01|D07,5,index_csv,clinical,Клинический КП (есть коды МКБ)
minzdrav_protocols/stomatologiya/КП_Диагностика_и_лечение_пациентов_взр_нас_с_эрозией_зубов_пост_МЗ_11.01.2023_4.pdf,stomatologiya,КП_Диагностика_и_лечение_пациентов_взр_нас_с_эрозией_зубов_пост_МЗ_11.01.2023_4.pdf,159080,2026-05-30T13:55:30Z,2023,yes,1,adult,Диагностика и лечение пациентов взрослое население с эрозией зубов пост. МЗ 11.01.2023 4,,0,index_csv,clinical_pending,Клинический КП (МКБ не извлечён из текста)
minzdrav_protocols/stomatologiya/КП_Диагностика_и_лечение_пациентов_взр_нас_со_сверхкомплектными_зубами_пост_МЗ_11.01.2023_4.pdf,stomatologiya,КП_Диагностика_и_лечение_пациентов_взр_нас_со_сверхкомплектными_зубами_пост_МЗ_11.01.2023_4.pdf,159232,2026-05-30T13:55:31Z,2023,yes,1,adult,Диагностика и лечение пациентов взрослое население со сверхкомплектными зубами пост. МЗ 11.01.2023 4,,0,index_csv,clinical_pending,Клинический КП (МКБ не извлечён из текста)
minzdrav_protocols/stomatologiya/КП_Диагностика_и_лечение_пациентов_взр_нас_со_стоматитом_и_родственными_поражениями_пост_МЗ_11.01.2023_4.pdf,stomatologiya,КП_Диагностика_и_лечение_пациентов_взр_нас_со_стоматитом_и_родственными_поражениями_пост_МЗ_11.01.2023_4.pdf,179133,2026-05-30T13:55:31Z,2023,yes,1,adult,Диагностика и лечение пациентов взрослое население со стоматитом и родственными поражениями пост. МЗ 11.01.2023 4,L03,1,index_csv,clinical,Клинический КП (есть коды МКБ)
minzdrav_protocols/stomatologiya/КП_Диагностика_и_лечение_пациентов_детс_население_с_болезнями_губ_пост_МЗ_30.11.2022_112.pdf,stomatologiya,КП_Диагностика_и_лечение_пациентов_детс_население_с_болезнями_губ_пост_МЗ_30.11.2022_112.pdf,166880,2026-05-30T13:55:32Z,2022,yes,1,pediatric,Диагностика и лечение пациентов детс население с болезнями губ пост. МЗ 30.11.2022 112,K13.01|K13.03|K13.04|K13.08|K13.09,5,index_csv,clinical,Клинический КП (есть коды МКБ)
minzdrav_protocols/stomatologiya/КП_Диагностика_и_лечение_пациентов_детс_население_с_болезнями_периапикальных_тканей_пост_МЗ_30.11.2022_112.pdf,stomatologiya,КП_Диагностика_и_лечение_пациентов_детс_население_с_болезнями_периапикальных_тканей_пост_МЗ_30.11.2022_112.pdf,157795,2026-05-30T13:55:32Z,2022,yes,1,pediatric,Диагностика и лечение пациентов детс население с болезнями периапикальных тканей пост. МЗ 30.11.2022 112,,0,index_csv,clinical_pending,Клинический КП (МКБ не извлечён из текста)
minzdrav_protocols/stomatologiya/КП_Диагностика_и_лечение_пациентов_детс_население_с_болезнями_пульпы_пост_МЗ_30.11.2022_112.pdf,stomatologiya,КП_Диагностика_и_лечение_пациентов_детс_население_с_болезнями_пульпы_пост_МЗ_30.11.2022_112.pdf,166822,2026-05-30T13:55:32Z,2022,yes,1,pediatric,Диагностика и лечение пациентов детс население с болезнями пульпы пост. МЗ 30.11.2022 112,,0,index_csv,clinical_pending,Клинический КП (МКБ не извлечён из текста)
minzdrav_protocols/stomatologiya/КП_Диагностика_и_лечение_пациентов_детс_население_с_болезнями_языка_пост_МЗ_30.11.2022_112.pdf,stomatologiya,КП_Диагностика_и_лечение_пациентов_детс_население_с_болезнями_языка_пост_МЗ_30.11.2022_112.pdf,161559,2026-05-30T13:55:33Z,2022,yes,1,pediatric,Диагностика и лечение пациентов детс население с болезнями языка пост. МЗ 30.11.2022 112,D07,1,index_csv,clinical,Клинический КП (есть коды МКБ)
minzdrav_protocols/stomatologiya/КП_Диагностика_и_лечение_пациентов_детс_население_с_вывихом_зуба_пост_МЗ_30.11.2022_112.pdf,stomatologiya,КП_Диагностика_и_лечение_пациентов_детс_население_с_вывихом_зуба_пост_МЗ_30.11.2022_112.pdf,155477,2026-05-30T13:55:33Z,2022,yes,1,pediatric,Диагностика и лечение пациентов детс население с вывихом зуба пост. МЗ 30.11.2022 112,S03.2|S03.20|S03.21|S03.22,4,index_csv,clinical,Клинический КП (есть коды МКБ)
minzdrav_protocols/stomatologiya/КП_Диагностика_и_лечение_пациентов_детс_население_с_гипоплазией_эмали_пост_МЗ_30.11.2022_112.pdf,stomatologiya,КП_Диагностика_и_лечение_пациентов_детс_население_с_гипоплазией_эмали_пост_МЗ_30.11.2022_112.pdf,160555,2026-05-30T13:55:33Z,2022,yes,1,pediatric,Диагностика и лечение пациентов детс население с гипоплазией эмали пост. МЗ 30.11.2022 112,,0,index_csv,clinical_pending,Клинический КП (МКБ не извлечён из текста)
minzdrav_protocols/stomatologiya/КП_Диагностика_и_лечение_пациентов_детс_население_с_изменением_цвета_зубов_в_процессе_формирования_пост_МЗ_30.11.2022_112.pdf,stomatologiya,КП_Диагностика_и_лечение_пациентов_детс_население_с_изменением_цвета_зубов_в_процессе_формирования_пост_МЗ_30.11.2022_112.pdf,278393,2026-05-30T13:55:34Z,2022,yes,1,pediatric,Диагностика и лечение пациентов детс население с изменением цвета зубов в процессе формирования пост. МЗ 30.11.2022 112,,0,index_csv,clinical_pending,Клинический КП (МКБ не извлечён из текста)
minzdrav_protocols/stomatologiya/КП_Диагностика_и_лечение_пациентов_детс_население_с_кариесом_зубов_с_незаконченным_формированием_корня_пост_МЗ_30.11.2022_112.pdf,stomatologiya,КП_Диагностика_и_лечение_пациентов_детс_население_с_кариесом_зубов_с_незаконченным_формированием_корня_пост_МЗ_30.11.2022_112.pdf,160192,2026-05-30T13:55:34Z,2022,yes,1,pediatric,Диагностика и лечение пациентов детс население с кариесом зубов с незаконченным формированием корня пост. МЗ 30.11.2022 112,K02.8,1,index_csv,clinical,Клинический КП (есть коды МКБ)
minzdrav_protocols/stomatologiya/КП_Диагностика_и_лечение_пациентов_детс_население_с_крапчатыми_зубами_пост_МЗ_30.11.2022_112.pdf,stomatologiya,КП_Диагностика_и_лечение_пациентов_детс_население_с_крапчатыми_зубами_пост_МЗ_30.11.2022_112.pdf,160693,2026-05-30T13:55:35Z,2022,yes,1,pediatric,Диагностика и лечение пациентов детс население с крапчатыми зубами пост. МЗ 30.11.2022 112,,0,index_csv,clinical_pending,Клинический КП (МКБ не извлечён из текста)
minzdrav_protocols/stomatologiya/КП_Диагностика_и_лечение_пациентов_детс_население_с_наследственными_нарушениями_структуры_зубов_пост_МЗ_30.11.2022_112.pdf,stomatologiya,КП_Диагностика_и_лечение_пациентов_детс_население_с_наследственными_нарушениями_структуры_зубов_пост_МЗ_30.11.2022_112.pdf,161494,2026-05-30T13:55:35Z,2022,yes,1,pediatric,Диагностика и лечение пациентов детс население с наследственными нарушениями структуры зубов пост. МЗ 30.11.2022 112,,0,index_csv,clinical_pending,Клинический КП (МКБ не извлечён из текста)
minzdrav_protocols/stomatologiya/КП_Диагностика_и_лечение_пациентов_детс_население_с_острым_гингивитом_пост_МЗ_30.11.2022_112.pdf,stomatologiya,КП_Диагностика_и_лечение_пациентов_детс_население_с_острым_гингивитом_пост_МЗ_30.11.2022_112.pdf,166398,2026-05-30T13:55:35Z,2022,yes,1,pediatric,Диагностика и лечение пациентов детс население с острым гингивитом пост. МЗ 30.11.2022 112,,0,index_csv,clinical_pending,Клинический КП (МКБ не извлечён из текста)
minzdrav_protocols/stomatologiya/КП_Диагностика_и_лечение_пациентов_детс_население_с_отложениями_на_зубах_пост_МЗ_30.11.2022_112.pdf,stomatologiya,КП_Диагностика_и_лечение_пациентов_детс_население_с_отложениями_на_зубах_пост_МЗ_30.11.2022_112.pdf,149061,2026-05-30T13:55:36Z,2022,yes,1,pediatric,Диагностика и лечение пациентов детс население с отложениями на зубах пост. МЗ 30.11.2022 112,,0,index_csv,clinical_pending,Клинический КП (МКБ не извлечён из текста)
minzdrav_protocols/stomatologiya/КП_Диагностика_и_лечение_пациентов_детс_население_с_переломом_зуба_пост_МЗ_30.11.2022_112.pdf,stomatologiya,КП_Диагностика_и_лечение_пациентов_детс_население_с_переломом_зуба_пост_МЗ_30.11.2022_112.pdf,161631,2026-05-30T13:55:36Z,2022,yes,1,pediatric,Диагностика и лечение пациентов детс население с переломом зуба пост. МЗ 30.11.2022 112,S02.5|S02.50|S02.51|S02.52|S02.53|S02.54|S02.57|S02.59,8,index_csv,clinical,Клинический КП (есть коды МКБ)
minzdrav_protocols/stomatologiya/КП_Диагностика_и_лечение_пациентов_детс_население_с_ретенированными_и_импактными_зубами_пост_МЗ_30.11.2022_112.pdf,stomatologiya,КП_Диагностика_и_лечение_пациентов_детс_население_с_ретенированными_и_импактными_зубами_пост_МЗ_30.11.2022_112.pdf,144068,2026-05-30T13:55:37Z,2022,yes,1,pediatric,Диагностика и лечение пациентов детс население с ретенированными и импактными зубами пост. МЗ 30.11.2022 112,,0,index_csv,clinical_pending,Клинический КП (МКБ не извлечён из текста)
minzdrav_protocols/stomatologiya/КП_Диагностика_и_лечение_пациентов_детс_население_с_рецессией_десны_пост_МЗ_30.11.2022_112.pdf,stomatologiya,КП_Диагностика_и_лечение_пациентов_детс_население_с_рецессией_десны_пост_МЗ_30.11.2022_112.pdf,157353,2026-05-30T13:55:37Z,2022,yes,1,pediatric,Диагностика и лечение пациентов детс население с рецессией десны пост. МЗ 30.11.2022 112,,0,index_csv,clinical_pending,Клинический КП (МКБ не извлечён из текста)
minzdrav_protocols/stomatologiya/КП_Диагностика_и_лечение_пациентов_детс_население_с_синдромом_прорезывания_зубов_пост_МЗ_30.11.2022_112.pdf,stomatologiya,КП_Диагностика_и_лечение_пациентов_детс_население_с_синдромом_прорезывания_зубов_пост_МЗ_30.11.2022_112.pdf,155953,2026-05-30T13:55:37Z,2022,yes,1,pediatric,Диагностика и лечение пациентов детс население с синдромом прорезывания зубов пост. МЗ 30.11.2022 112,,0,index_csv,clinical_pending,Клинический КП (МКБ не извлечён из текста)
minzdrav_protocols/stomatologiya/КП_Диагностика_и_лечение_пациентов_детс_население_с_хроническим_гингивитом_пост_МЗ_30.11.2022_112.pdf,stomatologiya,КП_Диагностика_и_лечение_пациентов_детс_население_с_хроническим_гингивитом_пост_МЗ_30.11.2022_112.pdf,173522,2026-05-30T13:55:38Z,2022,yes,1,pediatric,Диагностика и лечение пациентов детс население с хроническим гингивитом пост. МЗ 30.11.2022 112,,0,index_csv,clinical_pending,Клинический КП (МКБ не извлечён из текста)
minzdrav_protocols/stomatologiya/КП_Диагностика_и_лечение_пациентов_детс_население_с_хроническим_периодонтитом_пост_МЗ_30.11.2022_112.pdf,stomatologiya,КП_Диагностика_и_лечение_пациентов_детс_население_с_хроническим_периодонтитом_пост_МЗ_30.11.2022_112.pdf,171564,2026-05-30T13:55:38Z,2022,yes,1,pediatric,Диагностика и лечение пациентов детс население с хроническим периодонтитом пост. МЗ 30.11.2022 112,,0,index_csv,clinical_pending,Клинический КП (МКБ не извлечён из текста)
minzdrav_protocols/stomatologiya/КП_Диагностика_и_лечение_пациентов_детс_население_с_юношеским_ювенильным_периодонтитом_пост_МЗ_30.11.2022_112.pdf,stomatologiya,КП_Диагностика_и_лечение_пациентов_детс_население_с_юношеским_ювенильным_периодонтитом_пост_МЗ_30.11.2022_112.pdf,172039,2026-05-30T13:55:38Z,2022,yes,1,pediatric,Диагностика и лечение пациентов детс население с юношеским ювенильным периодонтитом пост. МЗ 30.11.2022 112,,0,index_csv,clinical_pending,Клинический КП (МКБ не извлечён из текста)
minzdrav_protocols/stomatologiya/КП_Диагностика_и_лечение_пациентов_детс_население_со_стоматитом_и_родственными_поражениями_пост_МЗ_30.11.2022_112.pdf,stomatologiya,КП_Диагностика_и_лечение_пациентов_детс_население_со_стоматитом_и_родственными_поражениями_пост_МЗ_30.11.2022_112.pdf,164624,2026-05-30T13:55:39Z,2022,yes,1,pediatric,Диагностика и лечение пациентов детс население со стоматитом и родственными поражениями пост. МЗ 30.11.2022 112,,0,index_csv,clinical_pending,Клинический КП (МКБ не извлечён из текста)
minzdrav_protocols/stomatologiya/КП_Диагностика_лечение_пациентов_д-нас_в-нас_с_патологической_резорбцией_зуба_пост_МЗ_2025_53.pdf,stomatologiya,КП_Диагностика_лечение_пациентов_д-нас_в-нас_с_патологической_резорбцией_зуба_пост_МЗ_2025_53.pdf,206533,2026-05-30T13:55:39Z,2025,yes,1,adult,Диагностика лечение пациентов детское население взрослое население с патологической резорбцией зуба пост. МЗ 2025 53,,0,index_csv,clinical_pending,Клинический КП (МКБ не извлечён из текста)
"minzdrav_protocols/transplantatsiya-organov-i-tkaney/КП Диагностика, лечение и тактика ведения пациентов детского возраста до, во время и после трансплантации почки 31.07.2020 № 67.pdf",transplantatsiya-organov-i-tkaney,"КП Диагностика, лечение и тактика ведения пациентов детского возраста до, во время и после трансплантации почки 31.07.2020 № 67.pdf",966525,2026-05-30T13:55:40Z,2020,no,2,pediatric,"Диагностика, лечение и тактика ведения пациентов детского возраста до, во время и после трансплантации почки 31.07.2020 №67",N18.5,1,index_csv,clinical,Клинический КП (есть коды МКБ)
minzdrav_protocols/transplantatsiya-organov-i-tkaney/КП имплантации (трансплантации) аллогенной аорты 05.07.2013 № 771.pdf,transplantatsiya-organov-i-tkaney,КП имплантации (трансплантации) аллогенной аорты 05.07.2013 № 771.pdf,1806591,2026-05-30T13:55:40Z,2013,no,1,any,имплантации (трансплантации) аллогенной аорты 05.07.2013 №771,R43|L25,2,default,clinical,Клинический КП (есть коды МКБ)
minzdrav_protocols/transplantatsiya-organov-i-tkaney/КП лечения пациентов множественной миеломой с помощью высокодозной химиотерапии_31.05.2012 № 662.pdf,transplantatsiya-organov-i-tkaney,КП лечения пациентов множественной миеломой с помощью высокодозной химиотерапии_31.05.2012 № 662.pdf,498538,2026-05-30T13:55:41Z,2012,no,3,any,лечения пациентов множественной миеломой с помощью высокодозной химиотерапии 31.05.2012 №662,C90.0,1,default,clinical,Клинический КП (есть коды МКБ)
minzdrav_protocols/transplantatsiya-organov-i-tkaney/КП_Диагностика_лечение_реабилитация_пациентов_термической_травмой_и_последствиями_пост_МЗ_2025_40.pdf,transplantatsiya-organov-i-tkaney,КП_Диагностика_лечение_реабилитация_пациентов_термической_травмой_и_последствиями_пост_МЗ_2025_40.pdf,477765,2026-05-30T13:55:41Z,2025,yes,3,mixed,Диагностика лечение реабилитация пациентов термической травмой и последствиями пост. МЗ 2025 40,H04|T25|T29|T32|L55|T69.0|T69.1,7,index_csv,clinical,Клинический КП (есть коды МКБ)
minzdrav_protocols/transplantatsiya-organov-i-tkaney/КП_Диагностика_хирургическое_лечение_пациентов_с_деформациями_позвоночника_сколиозом_пост_МЗ_2017_51.pdf,transplantatsiya-organov-i-tkaney,КП_Диагностика_хирургическое_лечение_пациентов_с_деформациями_позвоночника_сколиозом_пост_МЗ_2017_51.pdf,231639,2026-05-30T13:55:42Z,2017,yes,3,pediatric,Диагностика хирургическое лечение пациентов с деформациями позвоночника сколиозом пост. МЗ 2017 51,Q67.5|Q76.3,2,index_csv,clinical,Клинический КП (есть коды МКБ)
minzdrav_protocols/transplantatsiya-organov-i-tkaney/КП_Медицинское_сопровождение_умершего_донора_пост_МЗ_15_02_2022_№11.pdf,transplantatsiya-organov-i-tkaney,КП_Медицинское_сопровождение_умершего_донора_пост_МЗ_15_02_2022_№11.pdf,191431,2026-05-30T13:55:42Z,2022,yes,1,adult,Медицинское сопровождение умершего донора пост. МЗ 15.02.2022 №11,,0,index_csv,clinical_pending,Клинический КП (МКБ не извлечён из текста)
minzdrav_protocols/transplantatsiya-organov-i-tkaney/КП_Трансплантация_гемопоэтических_стволовых_клеток_пациентам_дет-нас_с_первичными_иммунодефицитами»_пост_МЗ_2025_151.pdf,transplantatsiya-organov-i-tkaney,КП_Трансплантация_гемопоэтических_стволовых_клеток_пациентам_дет-нас_с_первичными_иммунодефицитами»_пост_МЗ_2025_151.pdf,342377,2026-05-30T13:55:42Z,2025,yes,5,pediatric,Трансплантация гемопоэтических стволовых клеток пациентам детское население с первичными иммунодефицитами пост. МЗ 2025 151,B19,2,index_csv,clinical,Клинический КП (есть коды МКБ)
minzdrav_protocols/transplantatsiya-organov-i-tkaney/СТ-поджелудочной и почки.pdf,transplantatsiya-organov-i-tkaney,СТ-поджелудочной и почки.pdf,218467,2026-05-30T13:55:43Z,,no,1,adult,СТ-поджелудочной и почки,N18.5|D86.0|E84|E88.0|I27.0|J43|J44|J47|J84|T86,10,index_csv,clinical,Клинический КП (есть коды МКБ)
minzdrav_protocols/transplantatsiya-organov-i-tkaney/Т-ГСК.pdf,transplantatsiya-organov-i-tkaney,Т-ГСК.pdf,548997,2026-05-30T13:55:43Z,,no,1,adult,Т-ГСК,D46|D47.4|D56|D61|G35,5,index_csv,clinical,Клинический КП (есть коды МКБ)
minzdrav_protocols/transplantatsiya-organov-i-tkaney/Т-легких.pdf,transplantatsiya-organov-i-tkaney,Т-легких.pdf,317477,2026-05-30T13:55:44Z,,no,1,adult,Т-легких,D86.0|E84|E88.0|I27.0|J43|J44|J47|J84|T86,9,index_csv,clinical,Клинический КП (есть коды МКБ)
minzdrav_protocols/transplantatsiya-organov-i-tkaney/Т-печень.pdf,transplantatsiya-organov-i-tkaney,Т-печень.pdf,965062,2026-05-30T13:55:44Z,,no,1,adult,Т-печень,N18.5,1,index_csv,clinical,Клинический КП (есть коды МКБ)
minzdrav_protocols/transplantatsiya-organov-i-tkaney/Т-почка.pdf,transplantatsiya-organov-i-tkaney,Т-почка.pdf,685707,2026-05-30T13:55:45Z,,no,1,adult,Т-почка,N18,1,index_csv,clinical,Клинический КП (есть коды МКБ)
minzdrav_protocols/transplantatsiya-organov-i-tkaney/Т-сердце.pdf,transplantatsiya-organov-i-tkaney,Т-сердце.pdf,800907,2026-05-30T13:55:45Z,,no,1,adult,Т-сердце,,0,index_csv,clinical_pending,Клинический КП (МКБ не извлечён из текста)
minzdrav_protocols/transplantatsiya-organov-i-tkaney/Т-тканей.pdf,transplantatsiya-organov-i-tkaney,Т-тканей.pdf,287321,2026-05-30T13:55:46Z,,no,1,adult,Т-тканей,,0,index_csv,clinical_pending,Клинический КП (МКБ не извлечён из текста)
minzdrav_protocols/travmatologiya-ortopediya/01КП_Диагностика_лечение_пациентов_детс_нас_ортопедо-травматологической_патологией_стац_условиях_пост_МЗ_2024_109.pdf,travmatologiya-ortopediya,01КП_Диагностика_лечение_пациентов_детс_нас_ортопедо-травматологической_патологией_стац_условиях_пост_МЗ_2024_109.pdf,355655,2026-05-30T13:55:46Z,2024,yes,2,pediatric,01КП Диагностика лечение пациентов детское население ортопедо-травматологической патологией стационарных условияхиях пост. МЗ 2024 109,G80|G81|G82|G83.0|G83.1|G83.2|G83.3|G83.4|G83.8|G83.9|M12.2|M21.0,72,index_csv,clinical,Клинический КП (есть коды МКБ)
minzdrav_protocols/travmatologiya-ortopediya/02КП_Диагностика_лечение_пациентов_взр_нас_травмами_опорно-двигательного_аппарата_стац_условиях_пост_МЗ_2024_109.pdf,travmatologiya-ortopediya,02КП_Диагностика_лечение_пациентов_взр_нас_травмами_опорно-двигательного_аппарата_стац_условиях_пост_МЗ_2024_109.pdf,317280,2026-05-30T13:55:47Z,2024,yes,2,adult,02КП Диагностика лечение пациентов взрослое население травмами опорно-двигательного аппарата стационарных условияхиях пост. МЗ 2024 109,S32.1|S32.3|S32.5|S32.7|S33.2|S33.4|S33.6|S32.4|S73.0|S42.0|S42.1|S42.2,44,index_csv,clinical,Клинический КП (есть коды МКБ)
minzdrav_protocols/travmatologiya-ortopediya/03КП_Диагностика_лечение_пациентов_взр_нас_травмами_позвоночника_стац_условиях_пост_МЗ_2024_109.pdf,travmatologiya-ortopediya,03КП_Диагностика_лечение_пациентов_взр_нас_травмами_позвоночника_стац_условиях_пост_МЗ_2024_109.pdf,228205,2026-05-30T13:55:47Z,2024,yes,2,adult,03КП Диагностика лечение пациентов взрослое население травмами позвоночника стационарных условияхиях пост. МЗ 2024 109,S12.0|S12.1|S12.2|S13.1|S14|S22.0|S22.1|S23.1|S24|S32.0|S32.1|S34,12,index_csv,clinical,Клинический КП (есть коды МКБ)
minzdrav_protocols/travmatologiya-ortopediya/04КП_Диагностика_лечение_пациентов_взр_нас_с_заболеваниями_позвоночника_стац_условиях_пост_МЗ_2024_109.pdf,travmatologiya-ortopediya,04КП_Диагностика_лечение_пациентов_взр_нас_с_заболеваниями_позвоночника_стац_условиях_пост_МЗ_2024_109.pdf,227906,2026-05-30T13:55:47Z,2024,yes,2,adult,04КП Диагностика лечение пациентов взрослое население с заболеваниями позвоночника стационарных условияхиях пост. МЗ 2024 109,M48.0|G95.0|Q07.0|M43.1|M43.4|M48.3|M48.4|M48.5|M49.3|Q75.8,10,index_csv,clinical,Клинический КП (есть коды МКБ)
minzdrav_protocols/travmatologiya-ortopediya/05КП_Диагностика_лечение_эндоскопическими_методами_пациентов_взр_нас_повреждениями_коленного_плечевого_суставов_пост_МЗ_2024_109.pdf,travmatologiya-ortopediya,05КП_Диагностика_лечение_эндоскопическими_методами_пациентов_взр_нас_повреждениями_коленного_плечевого_суставов_пост_МЗ_2024_109.pdf,229847,2026-05-30T13:55:48Z,2024,yes,2,adult,05КП Диагностика лечение эндоскопическими методами пациентов взрослое население повреждениями коленного плечевого суставов пост. МЗ 2024 109,,0,index_csv,clinical_pending,Клинический КП (МКБ не извлечён из текста)
minzdrav_protocols/travmatologiya-ortopediya/06КП_Диагностика_лечение_методом_эндопротезирования_пациентов_взр_нас_заболеваниями_коленного_сустава_пост_МЗ_2024_109.pdf,travmatologiya-ortopediya,06КП_Диагностика_лечение_методом_эндопротезирования_пациентов_взр_нас_заболеваниями_коленного_сустава_пост_МЗ_2024_109.pdf,205105,2026-05-30T13:55:48Z,2024,yes,2,adult,06КП Диагностика лечение методом эндопротезирования пациентов взрослое население заболеваниями коленного сустава пост. МЗ 2024 109,M15,1,index_csv,clinical,Клинический КП (есть коды МКБ)
minzdrav_protocols/travmatologiya-ortopediya/07КП_Диагностика_лечение_методом_эндопротезирования_пациентов_взр_нас_заболеваниями_тазобедренного_сустава_пост_МЗ_2024_109.pdf,travmatologiya-ortopediya,07КП_Диагностика_лечение_методом_эндопротезирования_пациентов_взр_нас_заболеваниями_тазобедренного_сустава_пост_МЗ_2024_109.pdf,205427,2026-05-30T13:55:49Z,2024,yes,2,adult,07КП Диагностика лечение методом эндопротезирования пациентов взрослое население заболеваниями тазобедренного сустава пост. МЗ 2024 109,M15|M16|S72.0|S72.1|S72.8,5,index_csv,clinical,Клинический КП (есть коды МКБ)
minzdrav_protocols/travmatologiya-ortopediya/КП Лечение пациентов с огнестрельными переломами костей скелета в стационарных условиях 29.11.2019 №110.pdf,travmatologiya-ortopediya,КП Лечение пациентов с огнестрельными переломами костей скелета в стационарных условиях 29.11.2019 №110.pdf,360922,2026-05-30T13:55:49Z,2019,no,2,any,Лечение пациентов с огнестрельными переломами костей скелета в стационарных условиях 29.11.2019 №110,S32|S42|S52|S62|S72|S82|S92|T02,8,default,clinical,Клинический КП (есть коды МКБ)
minzdrav_protocols/travmatologiya-ortopediya/КП Лечение пациентов с огнестрельными ранами в стационарных условия 22.02.2018 № 19.1.pdf,travmatologiya-ortopediya,КП Лечение пациентов с огнестрельными ранами в стационарных условия 22.02.2018 № 19.1.pdf,344938,2026-05-30T13:55:50Z,2018,no,2,pediatric,Лечение пациентов с огнестрельными ранами в стационарных условия 22.02.2018 №19.1,S21|S31|S41|S51|S61|S71|S81|S91|T01|T01.0|T01.1|T01.2,15,index_csv,clinical,Клинический КП (есть коды МКБ)
minzdrav_protocols/travmatologiya-ortopediya/КП лечения больных с риском развития тромбоэмболических осложнений при травмах костей скелета_2006_484.pdf,travmatologiya-ortopediya,КП лечения больных с риском развития тромбоэмболических осложнений при травмах костей скелета_2006_484.pdf,335739,2026-05-30T13:55:50Z,2006,no,1,any,лечения больных с риском развития тромбоэмболических осложнений при травмах костей скелета 2006 484,I26,4,default,clinical,Клинический КП (есть коды МКБ)
minzdrav_protocols/travmatologiya-ortopediya/КП медицинской реабилитации пациентов с последствиями политравмы 07.06.2011 №613.pdf,travmatologiya-ortopediya,КП медицинской реабилитации пациентов с последствиями политравмы 07.06.2011 №613.pdf,535008,2026-05-30T13:55:50Z,2011,no,1,any,медицинской реабилитации пациентов с последствиями политравмы 07.06.2011 №613,,0,default,rehabilitation,Реабилитация (широкий охват МКБ)
minzdrav_protocols/travmatologiya-ortopediya/КП_Диагностика_лечение_несовершенного_остеогенеза_пост_МЗ_2022_75.pdf,travmatologiya-ortopediya,КП_Диагностика_лечение_несовершенного_остеогенеза_пост_МЗ_2022_75.pdf,274772,2026-05-30T13:55:51Z,2022,yes,2,pediatric,Диагностика лечение несовершенного остеогенеза пост. МЗ 2022 75,Q78.0,1,index_csv,clinical,Клинический КП (есть коды МКБ)
minzdrav_protocols/travmatologiya-ortopediya/КП_Диагностика_лечение_пациентов_с_деформациями_позвоночника_в_амбулаторных_условиях_пост_МЗ_2017_51.pdf,travmatologiya-ortopediya,КП_Диагностика_лечение_пациентов_с_деформациями_позвоночника_в_амбулаторных_условиях_пост_МЗ_2017_51.pdf,231722,2026-05-30T13:55:51Z,2017,yes,2,pediatric,Диагностика лечение пациентов с деформациями позвоночника в амбулаторных условиях пост. МЗ 2017 51,Q67.5|Q76.1|Q76.3|Q76.4,4,index_csv,clinical,Клинический КП (есть коды МКБ)
minzdrav_protocols/travmatologiya-ortopediya/КП_Диагностика_лечение_профилактика_пролежней_пациентов_взр_нас_ пост_МЗ_2024_146.pdf,travmatologiya-ortopediya,КП_Диагностика_лечение_профилактика_пролежней_пациентов_взр_нас_ пост_МЗ_2024_146.pdf,419569,2026-05-30T13:55:52Z,2024,yes,4,adult,Диагностика лечение профилактика пролежней пациентов взрослое население пост. МЗ 2024 146,L89,1,index_csv,clinical,Клинический КП (есть коды МКБ)
minzdrav_protocols/travmatologiya-ortopediya/КП_Диагностика_хирургическое_лечение_пациентов_с_деформациями_позвоночника_сколиозом_пост_МЗ_2017_51.pdf,travmatologiya-ortopediya,КП_Диагностика_хирургическое_лечение_пациентов_с_деформациями_позвоночника_сколиозом_пост_МЗ_2017_51.pdf,231639,2026-05-30T13:55:52Z,2017,yes,3,pediatric,Диагностика хирургическое лечение пациентов с деформациями позвоночника сколиозом пост. МЗ 2017 51,Q67.5|Q76.3,2,index_csv,clinical,Клинический КП (есть коды МКБ)
minzdrav_protocols/travmatologiya-ortopediya/КП_Медицинская_реабилитация_пациентов_после_эндопротезирования_коленного сустава_(взрослое_население).pdf,travmatologiya-ortopediya,КП_Медицинская_реабилитация_пациентов_после_эндопротезирования_коленного сустава_(взрослое_население).pdf,211638,2026-05-30T13:55:52Z,,no,1,adult,Медицинская реабилитация пациентов после эндопротезирования коленного сустава (взрослое население),M15|M05|M06|M07|M17|M87|M96.6|M16|S72.0|S72.1|S72.8,11,index_csv,clinical,Клинический КП (есть коды МКБ)
minzdrav_protocols/travmatologiya-ortopediya/КП_Медицинская_реабилитация_пациентов_после_эндопротезирования_тазобедренного_сустава_(взрослое_население).pdf,travmatologiya-ortopediya,КП_Медицинская_реабилитация_пациентов_после_эндопротезирования_тазобедренного_сустава_(взрослое_население).pdf,222144,2026-05-30T13:55:53Z,,no,1,adult,Медицинская реабилитация пациентов после эндопротезирования тазобедренного сустава (взрослое население),M15|M16|S72.0|S72.1|S72.8,5,index_csv,clinical,Клинический КП (есть коды МКБ)
minzdrav_protocols/travmatologiya-ortopediya/КП_Медицинская_реабилитация_пациентов_с_травмами_спинного_мозга_взр_нас_пост_МЗ_2020_85.pdf,travmatologiya-ortopediya,КП_Медицинская_реабилитация_пациентов_с_травмами_спинного_мозга_взр_нас_пост_МЗ_2020_85.pdf,451196,2026-05-30T13:55:53Z,2020,yes,2,adult,Медицинская реабилитация пациентов с травмами спинного мозга взрослое население пост. МЗ 2020 85,N31|S14|S14.0|S14.1|S24|S24.0|S24.1|S34|S34.0|S34.1|S34.3|T91.3,17,index_csv,clinical,Клинический КП (есть коды МКБ)
minzdrav_protocols/travmatologiya-ortopediya/Протоколы медицинской реабилитации детей с ортопедотравматологической патологией 18.02.2011 №172.pdf,travmatologiya-ortopediya,Протоколы медицинской реабилитации детей с ортопедотравматологической патологией 18.02.2011 №172.pdf,414053,2026-05-30T13:55:54Z,2011,no,1,pediatric,Протоколы медицинской реабилитации детей с ортопедотравматологической патологией 18.02.2011 №172,Q76.7|Q65,2,index_csv,clinical,Клинический КП (есть коды МКБ)
minzdrav_protocols/urologiya/КП Диагностика и лечение пациентов с органической эректильной дисфункцией 25.05.2018 № 45.pdf,urologiya,КП Диагностика и лечение пациентов с органической эректильной дисфункцией 25.05.2018 № 45.pdf,380836,2026-05-30T13:55:54Z,2018,no,2,any,Диагностика и лечение пациентов с органической эректильной дисфункцией 25.05.2018 №45,N48.6|I87.8|I70.8|S32|S33|S34|S35.5|N40|N51.1|C61,10,default,clinical,Клинический КП (есть коды МКБ)
minzdrav_protocols/urologiya/КП диагностики и лечения детей с патологией мочеполовой системы 27.09.2005_549.pdf,urologiya,КП диагностики и лечения детей с патологией мочеполовой системы 27.09.2005_549.pdf,275450,2026-05-30T13:55:55Z,2005,no,2,pediatric,диагностики и лечения детей с патологией мочеполовой системы 27.09.2005 549,N13.2|N13.6|N28.8|N31.0|N31.2|Q62.0|Q62.2|Q62.3|Q62.7|Q62.8|N31,11,index_csv,clinical,Клинический КП (есть коды МКБ)
minzdrav_protocols/urologiya/КП диагностики и лечения пациентов взрослое население с урологическими заболеваниями 22.09.2011 №920.pdf,urologiya,КП диагностики и лечения пациентов взрослое население с урологическими заболеваниями 22.09.2011 №920.pdf,627346,2026-05-30T13:55:55Z,2011,no,1,adult,диагностики и лечения пациентов взрослое население с урологическими заболеваниями 22.09.2011 №920,G83.4|D29|D30|F52.2|F52|F52.3|F52.4|F98.0|I86.1|N11.1|N13.0|N13.1,108,index_csv,clinical,Клинический КП (есть коды МКБ)
minzdrav_protocols/urologiya/КП_Диагностика_лечение_пациентов_вз_н_нервно-мышечной_дисфункцией_мочевого_пузыря_пост_МЗ_2024_181.pdf,urologiya,КП_Диагностика_лечение_пациентов_вз_н_нервно-мышечной_дисфункцией_мочевого_пузыря_пост_МЗ_2024_181.pdf,304526,2026-05-30T13:55:56Z,2024,yes,3,adult,Диагностика лечение пациентов вз н нервно-мышечной дисфункцией мочевого пузыря пост. МЗ 2024 181,N31|G83.4|G95.8,3,index_csv,clinical,Клинический КП (есть коды МКБ)
minzdrav_protocols/urologiya/пост._МЗ_РБ_от_23.12.2025_№206_КП_стриктуры_уретры_у_мужчин_(взрослые)_офиц._опубликование.pdf,urologiya,пост._МЗ_РБ_от_23.12.2025_№206_КП_стриктуры_уретры_у_мужчин_(взрослые)_офиц._опубликование.pdf,236603,2026-05-30T13:55:56Z,2025,no,1,adult,пост. МЗ РБ от 23.12.2025 №206 КП стриктуры уретры у мужчин (взрослые) офиц. опубликование,N35.0|N35.1|N35.8|N35.9|N99.1,5,index_csv,clinical,Клинический КП (есть коды МКБ)
minzdrav_protocols/zabolevaniya-perinatalnogo-perioda/КП Лучевая диагностика заболеваний головного мозга у детей 23.08.2019 №87.pdf,zabolevaniya-perinatalnogo-perioda,КП Лучевая диагностика заболеваний головного мозга у детей 23.08.2019 №87.pdf,584891,2026-05-30T13:55:56Z,2019,no,3,pediatric,Лучевая диагностика заболеваний головного мозга у детей 23.08.2019 №87,P10|G80.0|G80.9|G81.0|G81.9|G82.0|G82.5|G91.0|G91.9|P52.0|P52.9|Q00,39,index_csv,clinical,Клинический КП (есть коды МКБ)
minzdrav_protocols/zabolevaniya-perinatalnogo-perioda/КП Профилактика геморрагической болезни у новорожденных детей 02.04.2020 № 28.pdf,zabolevaniya-perinatalnogo-perioda,КП Профилактика геморрагической болезни у новорожденных детей 02.04.2020 № 28.pdf,222220,2026-05-30T13:55:57Z,2020,no,3,pediatric,Профилактика геморрагической болезни у новорожденных детей 02.04.2020 №28,P53,1,index_csv,clinical,Клинический КП (есть коды МКБ)
minzdrav_protocols/zabolevaniya-perinatalnogo-perioda/КП диагностики лечения и диспансерного наблюдения детского населения с заболеванием первичный врожденный гипотиреоз 07.08.2009_№781.pdf,zabolevaniya-perinatalnogo-perioda,КП диагностики лечения и диспансерного наблюдения детского населения с заболеванием первичный врожденный гипотиреоз 07.08.2009_№781.pdf,105958,2026-05-30T13:55:57Z,2009,no,2,pediatric,диагностики лечения и диспансерного наблюдения детского населения с заболеванием первичный врожденный гипотиреоз 07.08.2009 №781,B24|E03.9,2,index_csv,clinical,Клинический КП (есть коды МКБ)
minzdrav_protocols/zabolevaniya-perinatalnogo-perioda/КП диагностики лечения и диспансерного наблюдения пациентов с заболеванием фенилкетонурия 07.08.2009_№781.pdf,zabolevaniya-perinatalnogo-perioda,КП диагностики лечения и диспансерного наблюдения пациентов с заболеванием фенилкетонурия 07.08.2009_№781.pdf,99480,2026-05-30T13:55:58Z,2009,no,3,mixed,диагностики лечения и диспансерного наблюдения пациентов с заболеванием фенилкетонурия 07.08.2009 №781,E70.0,1,index_csv,clinical,Клинический КП (есть коды МКБ)
minzdrav_protocols/zabolevaniya-perinatalnogo-perioda/КП_Диагностика_лечение_анемии_недоношенных_пост_МЗ_04.06.2024_97.pdf,zabolevaniya-perinatalnogo-perioda,КП_Диагностика_лечение_анемии_недоношенных_пост_МЗ_04.06.2024_97.pdf,197402,2026-05-30T13:55:58Z,2024,yes,2,mixed,Диагностика лечение анемии недоношенных пост. МЗ 04.06.2024 97,P07.3,1,index_csv,clinical,Клинический КП (есть коды МКБ)
minzdrav_protocols/zabolevaniya-perinatalnogo-perioda/КП_Диагностика_лечение_новорожденных_гипоксической_ишемической_энцефалопатией_пост_МЗ_24.10.2024_151.pdf,zabolevaniya-perinatalnogo-perioda,КП_Диагностика_лечение_новорожденных_гипоксической_ишемической_энцефалопатией_пост_МЗ_24.10.2024_151.pdf,233643,2026-05-30T13:55:58Z,2024,yes,2,pediatric,Диагностика лечение новорожденных гипоксической ишемической энцефалопатией пост. МЗ 24.10.2024 151,,0,index_csv,clinical_pending,Клинический КП (МКБ не извлечён из текста)
minzdrav_protocols/zabolevaniya-perinatalnogo-perioda/КП_Диагностика_лечение_осложнений_многоплодной_беременности_2017_44.pdf,zabolevaniya-perinatalnogo-perioda,КП_Диагностика_лечение_осложнений_многоплодной_беременности_2017_44.pdf,227783,2026-05-30T13:55:59Z,2017,no,2,pediatric,Диагностика лечение осложнений многоплодной беременности 2017 44,O30,1,index_csv,clinical,Клинический КП (есть коды МКБ)
minzdrav_protocols/zabolevaniya-perinatalnogo-perioda/КП_Диагностика_лечение_транспозиции_магистральных_сосудов_д-нас_пост_МЗ_2025_29.pdf,zabolevaniya-perinatalnogo-perioda,КП_Диагностика_лечение_транспозиции_магистральных_сосудов_д-нас_пост_МЗ_2025_29.pdf,163713,2026-05-30T13:55:59Z,2025,yes,2,pediatric,Диагностика лечение транспозиции магистральных сосудов детское население пост. МЗ 2025 29,Q20.3,1,index_csv,clinical,Клинический КП (есть коды МКБ)
minzdrav_protocols/zabolevaniya-perinatalnogo-perioda/КП_Оказание_медицинской_помощи_в_неонатологии_постановление_МЗ_18042022_34.pdf,zabolevaniya-perinatalnogo-perioda,КП_Оказание_медицинской_помощи_в_неонатологии_постановление_МЗ_18042022_34.pdf,1344349,2026-05-30T13:56:00Z,2022,yes,3,pediatric,Оказание медицинской помощи в неонатологии постановление МЗ 18042022 34,B19,1,index_csv,clinical,Клинический КП (есть коды МКБ)
minzdrav_protocols/zabolevaniya-perinatalnogo-perioda/КП_Оказание_медпомощи_пациентам_атрезией_пищевода_д-нас_пост_МЗ_2025_20.pdf,zabolevaniya-perinatalnogo-perioda,КП_Оказание_медпомощи_пациентам_атрезией_пищевода_д-нас_пост_МЗ_2025_20.pdf,225367,2026-05-30T13:56:00Z,2025,yes,2,pediatric,Оказание медпомощи пациентам атрезией пищевода детское население пост. МЗ 2025 20,Q39.0|Q39.1,2,index_csv,clinical,Клинический КП (есть коды МКБ)
minzdrav_protocols/zabolevaniya-perinatalnogo-perioda/КП_Пренатальная_диагностика_и_внутриутробное_лечение_аномалий_плода_приводящих_к_диспропорции_пост_МЗ_2024_126.pdf,zabolevaniya-perinatalnogo-perioda,КП_Пренатальная_диагностика_и_внутриутробное_лечение_аномалий_плода_приводящих_к_диспропорции_пост_МЗ_2024_126.pdf,146192,2026-05-30T13:56:01Z,2024,yes,2,pediatric,Пренатальная диагностика и внутриутробное лечение аномалий плода приводящих к диспропорции пост. МЗ 2024 126,O33|O35,2,index_csv,clinical,Клинический КП (есть коды МКБ)
